sp_id,sp_name,genus
Fuuoie,Fuuoieu,Fuuoieu
Fuuoie-unoi,Fuuoieu unoiur,Fuuoieu
Fuuoie-ikae,Fuuoieu ikaeil,Fuuoieu
Okafol-eeje,Okafol eeje,Okafol
Qixout-eeoz,Qixoute eeoz,Qixoute
Ejobuo-uuoa,Ejobuo uuoauu,Ejobuo
Fecuuy-raee,Fecuuyel raee,Fecuuyel
Uqeaeb-uuo,Uqeaeb uuo,Uqeaeb
Aioaah-evua,Aioaaham evuaez,Aioaaham
Imoriv-eomu,Imoriveoi eomu,Imoriveoi
Coiou-uaoh,Coiou uaohua,Coiou
Ayeias,Ayeiasiuza,Ayeiasiuza
Gimaou,Gimaouu,Gimaouu
Gimaou-ozaa,Gimaouu ozaao,Gimaouu
Umonaw-ulu,Umonawio ulu,Umonawio
Umonaw-eau,Umonawio eau,Umonawio
Umonaw-uoiu,Umonawio uoiuuo,Umonawio
Umonaw-iiao,Umonawio iiaoi,Umonawio
Umonaw-nio,Umonawio nio,Umonawio
Lotae-omoo,Lotae omoo,Lotae
Ooaqor-ovuu,Ooaqoriel ovuu,Ooaqoriel
Zituok-ueco,Zituokut uecou,Zituokut
Ayanam-uoub,Ayanamoi uoubuo,Ayanamoi
Ayanam-ioix,Ayanamoi ioixio,Ayanamoi
Ayanam-liau,Ayanamoi liau,Ayanamoi
Ayanam-itue,Ayanamoi itue,Ayanamoi
Uajaex-oqee,Uajaexafeo oqeeoq,Uajaexafeo
Aqibit-eib,Aqibitoax eib,Aqibitoax
Huyei-uoui,Huyei uouiuo,Huyei
Inufaf,Inufafu,Inufafu
Inufaf-daou,Inufafu daoula,Inufafu
Inufaf-aru,Inufafu aru,Inufafu
Inufaf-ayi,Inufafu ayi,Inufafu
Inufaf-oiia,Inufafu oiia,Inufafu
Inufaf-oeej,Inufafu oeej,Inufafu
Inufaf-ueur,Inufafu ueuru,Inufafu
Inufaf-geo,Inufafu geo,Inufafu
Inufaf-oaie,Inufafu oaie,Inufafu
Inufaf-eqou,Inufafu eqoue,Inufafu
Inufaf-ouxe,Inufafu ouxeou,Inufafu
Inufaf-aau,Inufafu aau,Inufafu
Inufaf-oaa,Inufafu oaa,Inufafu
Inufaf-uooo,Inufafu uooo,Inufafu
Inufaf-eia,Inufafu eia,Inufafu
Inufaf-ojoi,Inufafu ojoi,Inufafu
Inufaf-aelo,Inufafu aeloa,Inufafu
Inufaf-aaes,Inufafu aaes,Inufafu
Inufaf-ouu,Inufafu ouu,Inufafu
Inufaf-nuuo,Inufafu nuuo,Inufafu
Naaaih-raee,Naaaihe raee,Naaaihe
Naaaih-olu,Naaaihe olu,Naaaihe
Naaaih-ovee,Naaaihe oveeoa,Naaaihe
Iiihit-aeqa,Iiihituoc aeqaae,Iiihituoc
Iahuet-ooam,Iahueteve ooamoo,Iahueteve
Iuureb-uoub,Iuurebioe uoubuo,Iuurebioe
Ievour-iio,Ievouriuig iio,Ievouriuig
Ievour-mia,Ievouriuig mia,Ievouriuig
Ievour-uhai,Ievouriuig uhaiu,Ievouriuig
Ebogax-iveu,Ebogaxue iveui,Ebogaxue
Noyiid-ueuu,Noyiide ueuu,Noyiide
Noyiid-ieip,Noyiide ieip,Noyiide
Orovui-ueug,Orovuioaco ueugu,Orovuioaco
Yisiue-moua,Yisiueuye mouay,Yisiueuye
Unaeub-etu,Unaeub etu,Unaeub
Veueez-epee,Veueezas epee,Veueezas
Veueez-oak,Veueezas oak,Veueezas
Veueez-aoot,Veueezas aoota,Veueezas
Veueez-oaeg,Veueezas oaego,Veueezas
Ohilup-guie,Ohilupeo guie,Ohilupeo
Moyao-eaue,Moyao eaue,Moyao
Osizop-ujio,Osizopiayo ujiou,Osizopiayo
Huieuj-iume,Huieujemey iumei,Huieujemey
Huieuj-oueo,Huieujemey oueoou,Huieujemey
Uoepuq,Uoepuq,Uoepuq
Mevooe-vuiu,Mevooea vuiuz,Mevooea
Uyequn-aei,Uyequneeiu aei,Uyequneeiu
Nuzaex-oxee,Nuzaexomir oxeeo,Nuzaexomir
Nuzaex-eebi,Nuzaexomir eebie,Nuzaexomir
Ekoway,Ekowayuu,Ekowayuu
Joeeer-iiue,Joeeerahao iiuei,Joeeerahao
Joeeer-uiiu,Joeeerahao uiiuji,Joeeerahao
Ipizie-ame,Ipiziea ame,Ipiziea
Kuruuy,Kuruuyoqu,Kuruuyoqu
Kuruuy-eeca,Kuruuyoqu eecaee,Kuruuyoqu
Amuva,Amuva,Amuva
Amuva-oaat,Amuva oaat,Amuva
Amuva-jiae,Amuva jiae,Amuva
Haseiv-acea,Haseiv aceaab,Haseiv
Aluyi-ufie,Aluyi ufieu,Aluyi
Eizia-ouei,Eizia ouei,Eizia
Obihed,Obiheduau,Obiheduau
Obihed-aeu,Obiheduau aeu,Obiheduau
Obihed-puee,Obiheduau pueeiu,Obiheduau
Obihed-idoi,Obiheduau idoii,Obiheduau
Obihed-erue,Obiheduau erueef,Obiheduau
Yeeoes-auji,Yeeoesocal auji,Yeeoesocal
Uqate-iauj,Uqate iauji,Uqate
Ioaaaz-eain,Ioaaaza eainea,Ioaaaza
Ioaaaz-oio,Ioaaaza oio,Ioaaaza
Uzuoeq-udii,Uzuoequopu udiiu,Uzuoequopu
Yidouf,Yidoufeoub,Yidoufeoub
Yidouf-geo,Yidoufeoub geo,Yidoufeoub
Yidouf-aelu,Yidoufeoub aelua,Yidoufeoub
Yidouf-oiii,Yidoufeoub oiii,Yidoufeoub
Yidouf-aoot,Yidoufeoub aoota,Yidoufeoub
Uhaweb,Uhawebu,Uhawebu
Uhaweb-puoa,Uhawebu puoa,Uhawebu
Mipaum-uzeo,Mipaum uzeo,Mipaum
Ehogeu-aoii,Ehogeuoe aoiiae,Ehogeuoe
Ehogeu-euw,Ehogeuoe euw,Ehogeuoe
Ehogeu-eao,Ehogeuoe eao,Ehogeuoe
Ehogeu-euag,Ehogeuoe euage,Ehogeuoe
Ehogeu-gooi,Ehogeuoe gooi,Ehogeuoe
Ehogeu-afue,Ehogeuoe afueac,Ehogeuoe
Faxuo,Faxuo,Faxuo
Faxuo-iic,Faxuo iic,Faxuo
Faxuo-ouar,Faxuo ouaro,Faxuo
Itujib-ioem,Itujibuori ioemio,Itujibuori
Itujib-oiei,Itujibuori oieiai,Itujibuori
Rozuau-aeu,Rozuauixu aeu,Rozuauixu
Rozuau-uka,Rozuauixu uka,Rozuauixu
Rozuau-aaao,Rozuauixu aaao,Rozuauixu
Ooubei-eab,Ooubeia eab,Ooubeia
Hieiow,Hieiowuqil,Hieiowuqil
Hieiow-aaib,Hieiowuqil aaiba,Hieiowuqil
Eyiooa-vuuo,Eyiooau vuuovu,Eyiooau
Povaeb-atiu,Povaebazuj atiu,Povaebazuj
Ilomo-iioo,Ilomo iiooi,Ilomo
Aakuer-oifa,Aakuero oifa,Aakuero
Aakuer-aio,Aakuero aio,Aakuero
Uguley-aoiz,Uguleyo aoizao,Uguleyo
Uguley-aaai,Uguleyo aaaiya,Uguleyo
Uguley-ovaa,Uguleyo ovaao,Uguleyo
Uigeek-arao,Uigeekiyi araoa,Uigeekiyi
Ieaaun-oap,Ieaauneax oap,Ieaauneax
Ieaaun-eeif,Ieaauneax eeif,Ieaauneax
Ieaaun-iiij,Ieaauneax iiij,Ieaauneax
Ieaaun-lue,Ieaauneax lue,Ieaauneax
Ieaaun-imoo,Ieaauneax imooiw,Ieaauneax
Ieaaun-anoo,Ieaauneax anoo,Ieaauneax
Ieaaun-aaua,Ieaauneax aaua,Ieaauneax
Zoleec-ieea,Zoleecu ieeai,Zoleecu
Ucomuo-aoay,Ucomuoue aoayao,Ucomuoue
Juruo,Juruo,Juruo
Juruo-ebu,Juruo ebu,Juruo
Juruo-arue,Juruo arue,Juruo
Juruo-aabi,Juruo aabia,Juruo
Etimoh-oouw,Etimoh oouwoo,Etimoh
Etimoh-eiob,Etimoh eiob,Etimoh
Aeteid-qeou,Aeteidaba qeoua,Aeteidaba
Ixevuo,Ixevuo,Ixevuo
Ixevuo-umie,Ixevuo umieu,Ixevuo
Quoioy,Quoioyijez,Quoioyijez
Quoioy-iauj,Quoioyijez iauji,Quoioyijez
Efasu-iae,Efasu iae,Efasu
Vuioeq-uui,Vuioeqiw uui,Vuioeqiw
Ikasoh-taau,Ikasohei taauha,Ikasohei
Ikasoh-oteu,Ikasohei oteu,Ikasohei
Yieeag-iyee,Yieeagezi iyeeio,Yieeagezi
Ihujar,Ihujareit,Ihujareit
Poqaog-oouj,Poqaoge ooujoo,Poqaoge
Enowej,Enowejo,Enowejo
Misea,Misea,Misea
Misea-oiue,Misea oiue,Misea
Uxeuuv-ogu,Uxeuuvua ogu,Uxeuuvua
Uxeuuv-uewa,Uxeuuvua uewa,Uxeuuvua
Yoiiie,Yoiiieek,Yoiiieek
Yoiiie-eaoq,Yoiiieek eaoqe,Yoiiieek
Yoiiie-juiu,Yoiiieek juiut,Yoiiieek
Usahec-etae,Usahecuaku etae,Usahecuaku
Usahec-uda,Usahecuaku uda,Usahecuaku
Loeuaf,Loeuaf,Loeuaf
Loeuaf-aei,Loeuaf aei,Loeuaf
Loeuaf-ieih,Loeuaf ieihie,Loeuaf
Elixof-gaeu,Elixofaok gaeuga,Elixofaok
Elixof-ewia,Elixofaok ewiae,Elixofaok
Elixof-itii,Elixofaok itiii,Elixofaok
Reiaec-aiko,Reiaecao aikoai,Reiaecao
Ofusup,Ofusupe,Ofusupe
Ofusup-euo,Ofusupe euo,Ofusupe
Ofusup-fuou,Ofusupe fuour,Ofusupe
Ofusup-idoi,Ofusupe idoii,Ofusupe
Ofusup-ogou,Ofusupe ogouo,Ofusupe
Guhue,Guhue,Guhue
Aqedit,Aqeditee,Aqeditee
Aqedit-aoo,Aqeditee aoo,Aqeditee
Aqedit-aueo,Aqeditee aueoa,Aqeditee
Eayuoa,Eayuoa,Eayuoa
Eayuoa-oyoa,Eayuoa oyoao,Eayuoa
Aiuso,Aiuso,Aiuso
Peeoax,Peeoaxug,Peeoaxug
Peeoax-ueoz,Peeoaxug ueoz,Peeoaxug
Peeoax-aei,Peeoaxug aei,Peeoaxug
Peeoax-euaa,Peeoaxug euaap,Peeoaxug
Peeoax-oaa,Peeoaxug oaa,Peeoaxug
Exeauq-uyie,Exeauq uyie,Exeauq
Exeauq-iao,Exeauq iao,Exeauq
Tinio-ouo,Tinio ouo,Tinio
Eauna,Eauna,Eauna
Eauna-iaa,Eauna iaa,Eauna
Moques-ueaa,Moques ueaaue,Moques
Ibufut-eqa,Ibufut eqa,Ibufut
Ibufut-uawe,Ibufut uaweua,Ibufut
Jogioq,Jogioqaqen,Jogioqaqen
Uweua,Uweua,Uweua
Uweua-iaea,Uweua iaeava,Uweua
Uweua-ebee,Uweua ebeeeb,Uweua
Uweua-eruu,Uweua eruue,Uweua
Tusoa-ueso,Tusoa uesoue,Tusoa
Tusoa-aoic,Tusoa aoica,Tusoa
Iwaloj,Iwaloj,Iwaloj
Iwaloj-euio,Iwaloj euiozu,Iwaloj
Guuaoc-eko,Guuaocae eko,Guuaocae
Erojem-uco,Erojemeez uco,Erojemeez
Luguiv-aut,Luguivinu aut,Luguivinu
Ijoual,Ijoualia,Ijoualia
Ijoual-oeed,Ijoualia oeedo,Ijoualia
Ijoual-oaat,Ijoualia oaat,Ijoualia
Ijoual-looi,Ijoualia looil,Ijoualia
Ijoual-aco,Ijoualia aco,Ijoualia
Ijoual-iio,Ijoualia iio,Ijoualia
Ijoual-oeou,Ijoualia oeouox,Ijoualia
Ijoual-aee,Ijoualia aee,Ijoualia
Ijoual-ueuu,Ijoualia ueuuue,Ijoualia
Ijoual-aaaq,Ijoualia aaaqaa,Ijoualia
Ijoual-yiou,Ijoualia yiout,Ijoualia
Ijoual-apia,Ijoualia apiaav,Ijoualia
Ijoual-olou,Ijoualia olouog,Ijoualia
Ijoual-aona,Ijoualia aonaao,Ijoualia
Ijoual-aain,Ijoualia aaina,Ijoualia
Ijoual-iuap,Ijoualia iuapi,Ijoualia
Ijoual-veoa,Ijoualia veoa,Ijoualia
Kemoor-adei,Kemooraxi adeiaa,Kemooraxi
Oiexo-etoa,Oiexo etoa,Oiexo
Natuuc,Natuuca,Natuuca
Natuuc-ouoq,Natuuca ouoqou,Natuuca
Uzueow,Uzueowoi,Uzueowoi
Uzueow-caaa,Uzueowoi caaasa,Uzueowoi
Uzueow-geo,Uzueowoi geo,Uzueowoi
Uzueow-ueio,Uzueowoi ueioud,Uzueowoi
Uzueow-aua,Uzueowoi aua,Uzueowoi
Uzueow-eah,Uzueowoi eah,Uzueowoi
Uzueow-ojoi,Uzueowoi ojoi,Uzueowoi
Zofoai,Zofoaii,Zofoaii
Zofoai-iiuw,Zofoaii iiuw,Zofoaii
Zofoai-seou,Zofoaii seoun,Zofoaii
Zofoai-ado,Zofoaii ado,Zofoaii
Ikomun-uewa,Ikomunuey uewa,Ikomunuey
Deauou-aweu,Deauouex aweu,Deauouex
Ulafuf-euo,Ulafufueju euo,Ulafufueju
Padaac-ioaw,Padaac ioawi,Padaac
Amewe-uiom,Amewe uiom,Amewe
Devaoe,Devaoeah,Devaoeah
Devaoe-ulu,Devaoeah ulu,Devaoeah
Irebuv-eiob,Irebuvouc eiob,Irebuvouc
Irebuv-asii,Irebuvouc asii,Irebuvouc
Hazoih-aqia,Hazoih aqia,Hazoih
Udeai,Udeai,Udeai
Udeai-uaui,Udeai uaui,Udeai
Udeai-uuea,Udeai uueau,Udeai
Udeai-fiuu,Udeai fiuu,Udeai
Vaeuof,Vaeuof,Vaeuof
Ueaau-ako,Ueaau ako,Ueaau
Pomeif-aeye,Pomeifie aeye,Pomeifie
Iruhah-euo,Iruhaha euo,Iruhaha
Puseef,Puseefiw,Puseefiw
Ucagiz-ouoc,Ucagizii ouoc,Ucagizii
Ucagiz-jee,Ucagizii jee,Ucagizii
Piiiua,Piiiua,Piiiua
Piiiua-ahoi,Piiiua ahoiau,Piiiua
Piiiua-ueio,Piiiua ueioud,Piiiua
Piiiua-iaa,Piiiua iaa,Piiiua
Aeoqi-oabo,Aeoqi oabo,Aeoqi
Aeoqi-iuea,Aeoqi iueai,Aeoqi
Aeoqi-iaax,Aeoqi iaaxi,Aeoqi
Aeoqi-iau,Aeoqi iau,Aeoqi
Aeoqi-eyio,Aeoqi eyio,Aeoqi
Aeoqi-oruo,Aeoqi oruoof,Aeoqi
Xuvaa-eia,Xuvaa eia,Xuvaa
Ilouel-iore,Iloueliii iore,Iloueliii
Losuou-iuie,Losuouenur iuie,Losuouenur
Ijetia,Ijetia,Ijetia
Cecauz-iuau,Cecauze iuauk,Cecauze
Izene-asuu,Izene asuu,Izene
Piuaai-asoo,Piuaaia asooat,Piuaaia
Uueaia,Uueaia,Uueaia
Uueaia-ioi,Uueaia ioi,Uueaia
Uueaia-oouw,Uueaia oouwoo,Uueaia
Uueaia-eoau,Uueaia eoaue,Uueaia
Uueaia-saa,Uueaia saa,Uueaia
Uueaia-oii,Uueaia oii,Uueaia
Uueaia-eain,Uueaia eainea,Uueaia
Uueaia-adua,Uueaia aduaan,Uueaia
Oubaem,Oubaememei,Oubaememei
Apipay,Apipayuon,Apipayuon
Apipay-ujio,Apipayuon ujiou,Apipayuon
Apipay-eia,Apipayuon eia,Apipayuon
Gauiij-aeuj,Gauiij aeujae,Gauiij
Atimav-keo,Atimav keo,Atimav
Yuoeac-odie,Yuoeaco odie,Yuoeaco
Ikuaav,Ikuaavi,Ikuaavi
Ikuaav-eeoz,Ikuaavi eeoz,Ikuaavi
Ikuaav-uami,Ikuaavi uamiu,Ikuaavi
Ikuaav-euof,Ikuaavi euofe,Ikuaavi
Ikuaav-ooo,Ikuaavi ooo,Ikuaavi
Xipoeh-uoub,Xipoeheu uoubuo,Xipoeheu
Uuoral-oaau,Uuoraliuwu oaauv,Uuoraliuwu
Uuoral-ito,Uuoraliuwu ito,Uuoraliuwu
Uuoral-uvuo,Uuoraliuwu uvuou,Uuoraliuwu
Uuoral-aua,Uuoraliuwu aua,Uuoraliuwu
Uuoral-ouo,Uuoraliuwu ouo,Uuoraliuwu
Pejeeg,Pejeegij,Pejeegij
Pejeeg-iyee,Pejeegij iyeeio,Pejeegij
Pejeeg-ouo,Pejeegij ouo,Pejeegij
Iduxe-aiov,Iduxe aiovai,Iduxe
Iduxe-aea,Iduxe aea,Iduxe
Zurais-tioi,Zuraisaho tioim,Zuraisaho
Ulakai,Ulakaiau,Ulakaiau
Ulakai-igue,Ulakaiau igue,Ulakaiau
Ulakai-iale,Ulakaiau iale,Ulakaiau
Ulakai-ueoo,Ulakaiau ueooue,Ulakaiau
Sasiih-aiij,Sasiiha aiij,Sasiiha
Sasiih-asoo,Sasiiha asooat,Sasiiha
Sasiih-que,Sasiiha que,Sasiiha
Ahetoi-ako,Ahetoieuk ako,Ahetoieuk
Oosuix,Oosuixe,Oosuixe
Oosuix-uihu,Oosuixe uihu,Oosuixe
Oosuix-ulu,Oosuixe ulu,Oosuixe
Oosuix-uewa,Oosuixe uewa,Oosuixe
Oosuix-yiou,Oosuixe yiout,Oosuixe
Oosuix-eoo,Oosuixe eoo,Oosuixe
Oosuix-ueit,Oosuixe ueitu,Oosuixe
Oosuix-vuuo,Oosuixe vuuovu,Oosuixe
Ehukib-juuu,Ehukibeaie juuum,Ehukibeaie
Koceaj-uqei,Koceajag uqeiu,Koceajag
Koceaj-owii,Koceajag owiioa,Koceajag
Oteyoq-oogi,Oteyoqui oogio,Oteyoqui
Cigieb-aia,Cigieboy aia,Cigieboy
Eoeten-eiim,Eoetena eiime,Eoetena
Zuluuq-guaa,Zuluuq guaa,Zuluuq
Aeueaz-ocau,Aeueaz ocauo,Aeueaz
Jaluup-oeae,Jaluuporev oeae,Jaluuporev
Ukoiao-ulu,Ukoiaoaii ulu,Ukoiaoaii
Mozaay-eudu,Mozaayux eudueu,Mozaayux
Acinaj-auid,Acinajoe auida,Acinajoe
Acinaj-iaab,Acinajoe iaabia,Acinajoe
Acinaj-ioa,Acinajoe ioa,Acinajoe
Acinaj-eaei,Acinajoe eaeie,Acinajoe
Acinaj-eje,Acinajoe eje,Acinajoe
Acinaj-uigo,Acinajoe uigo,Acinajoe
Acinaj-aiue,Acinajoe aiuea,Acinajoe
Acinaj-oee,Acinajoe oee,Acinajoe
Acinaj-lueo,Acinajoe lueo,Acinajoe
Acinaj-ejui,Acinajoe ejuie,Acinajoe
Acinaj-axii,Acinajoe axii,Acinajoe
Acinaj-uue,Acinajoe uue,Acinajoe
Riheud-aue,Riheud aue,Riheud
Ugebul-ueul,Ugebulooh ueulue,Ugebulooh
Voeuuj,Voeuuju,Voeuuju
Ulahu-egae,Ulahu egaee,Ulahu
Bajuov-uzae,Bajuovot uzaeuo,Bajuovot
Azikak-aewu,Azikakaoba aewuae,Azikakaoba
Azikak-eee,Azikakaoba eee,Azikakaoba
Oijuu-eau,Oijuu eau,Oijuu
Iiiie,Iiiie,Iiiie
Iiiie-ojeo,Iiiie ojeooc,Iiiie
Cojoun,Cojouni,Cojouni
Cojoun-ueio,Cojouni ueioud,Cojouni
Cojoun-eup,Cojouni eup,Cojouni
Avadoa,Avadoaoi,Avadoaoi
Avadoa-iia,Avadoaoi iia,Avadoaoi
Avadoa-niua,Avadoaoi niuaui,Avadoaoi
Wojaoo,Wojaooul,Wojaooul
Oiecit-uneo,Oiecit uneou,Oiecit
Fupaad-oufi,Fupaaducef oufio,Fupaaducef
Akosed,Akosed,Akosed
Akosed-aaa,Akosed aaa,Akosed
Akosed-eeje,Akosed eeje,Akosed
Akosed-iio,Akosed iio,Akosed
Akosed-kiiu,Akosed kiiu,Akosed
Akosed-oie,Akosed oie,Akosed
Ieiioz-uzoe,Ieiiozez uzoeur,Ieiiozez
Ieiioz-eazu,Ieiiozez eazue,Ieiiozez
Uguuol-oao,Uguuolieiu oao,Uguuolieiu
Tixius-eoi,Tixius eoi,Tixius
Ozuheb,Ozuhebu,Ozuhebu
Eemeaa-ouoc,Eemeaaer ouoc,Eemeaaer
Egieof,Egieof,Egieof
Egieof-ueuu,Egieof ueuu,Egieof
Egieof-uheo,Egieof uheous,Egieof
Egieof-aem,Egieof aem,Egieof
Egieof-eeox,Egieof eeoxee,Egieof
Egieof-oao,Egieof oao,Egieof
Egieof-yiae,Egieof yiaegi,Egieof
Egieof-obii,Egieof obiion,Egieof
Aekeaw-ooi,Aekeawu ooi,Aekeawu
Ezuno-oeza,Ezuno oeza,Ezuno
Ezuno-eiet,Ezuno eiete,Ezuno
Hiraoh-iiij,Hiraoh iiijii,Hiraoh
Ujaduz,Ujaduzaos,Ujaduzaos
Ujaduz-otuu,Ujaduzaos otuuox,Ujaduzaos
Ujaduz-ubuu,Ujaduzaos ubuu,Ujaduzaos
Ujaduz-aelu,Ujaduzaos aelua,Ujaduzaos
Ujaduz-oohu,Ujaduzaos oohuoo,Ujaduzaos
Ujaduz-ouab,Ujaduzaos ouabou,Ujaduzaos
Ujaduz-iiiw,Ujaduzaos iiiwi,Ujaduzaos
Qevoex,Qevoex,Qevoex
Ehimig-igoa,Ehimig igoai,Ehimig
Ehimig-opoi,Ehimig opoi,Ehimig
Viiiee-eof,Viiieeoj eof,Viiieeoj
Viiiee-yiou,Viiieeoj yiout,Viiieeoj
Viiiee-uoej,Viiieeoj uoeju,Viiieeoj
Ukipa-eei,Ukipa eei,Ukipa
Monoak,Monoak,Monoak
Monoak-aha,Monoak aha,Monoak
Monoak-iyeu,Monoak iyeu,Monoak
Monoak-oos,Monoak oos,Monoak
Monoak-eoes,Monoak eoeseo,Monoak
Monoak-euob,Monoak euobe,Monoak
Monoak-xueo,Monoak xueo,Monoak
Monoak-eeje,Monoak eeje,Monoak
Monoak-abe,Monoak abe,Monoak
Monoak-uyoa,Monoak uyoauv,Monoak
Monoak-oizo,Monoak oizo,Monoak
Monoak-euau,Monoak euau,Monoak
Auipia-ouoa,Auipiaia ouoa,Auipiaia
Puxoir-foo,Puxoiral foo,Puxoiral
Eliyio-apu,Eliyiooot apu,Eliyiooot
Aikoed,Aikoedaw,Aikoedaw
Aikoed-aava,Aikoedaw aavaa,Aikoedaw
Aikoed-euo,Aikoedaw euo,Aikoedaw
Aikoed-uaij,Aikoedaw uaijua,Aikoedaw
Ikiwil-uoub,Ikiwil uoubuo,Ikiwil
Rueaep-eiau,Rueaepehiu eiauu,Rueaepehiu
Ihevej-aeu,Ihevejeam aeu,Ihevejeam
Miyaii-uqoo,Miyaiio uqoo,Miyaiio
Evaoiq-oouo,Evaoiqa oouoox,Evaoiqa
Veuuio-uabo,Veuuioi uaboua,Veuuioi
Enatav-ouit,Enataviiq ouitou,Enataviiq
Enatav-ueop,Enataviiq ueopue,Enataviiq
Leneis-fuo,Leneisiv fuo,Leneisiv
Ujoxox-onu,Ujoxoxoi onu,Ujoxoxoi
Ujoxox-asoa,Ujoxoxoi asoaa,Ujoxoxoi
Wuteul-uiyi,Wuteule uiyiui,Wuteule
Awuoat-ooo,Awuoatoa ooo,Awuoatoa
Wogaot,Wogaotaj,Wogaotaj
Uhekof,Uhekofia,Uhekofia
Uhekof-ege,Uhekofia ege,Uhekofia
Uhekof-ivaa,Uhekofia ivaa,Uhekofia
Uhekof-oepa,Uhekofia oepao,Uhekofia
Uhekof-uiiu,Uhekofia uiiuui,Uhekofia
Uhekof-iuil,Uhekofia iuil,Uhekofia
Uhekof-ueaa,Uhekofia ueaay,Uhekofia
Zufoeq-mia,Zufoeqotu mia,Zufoeqotu
Iyeqeh,Iyeqeh,Iyeqeh
Iyeqeh-idie,Iyeqeh idieig,Iyeqeh
Tecouj-ueta,Tecoujucuv uetaue,Tecoujucuv
Tecouj-eae,Tecoujucuv eae,Tecoujucuv
Acequr-uia,Acequri uia,Acequri
Acequr-euob,Acequri euobe,Acequri
Acequr-aeu,Acequri aeu,Acequri
Acequr-yoao,Acequri yoao,Acequri
Waqiug-udu,Waqiugag udu,Waqiugag
Obeyip-ouoc,Obeyipa ouoc,Obeyipa
Ruaei-eni,Ruaei eni,Ruaei
Ocugih-iava,Ocugiheo iavai,Ocugiheo
Rahuuy-auji,Rahuuyevin auji,Rahuuyevin
Rahuuy-oau,Rahuuyevin oau,Rahuuyevin
Unouui-iouc,Unouui iouc,Unouui
Podiiz-uheo,Podiizu uheous,Podiizu
Upiuoq-iuo,Upiuoqeu iuo,Upiuoqeu
Peziez,Peziez,Peziez
Peziez-oxiu,Peziez oxiuo,Peziez
Peziez-uoub,Peziez uoubuo,Peziez
Peziez-uice,Peziez uice,Peziez
Peziez-aoot,Peziez aoota,Peziez
Peziez-ieih,Peziez ieihie,Peziez
Euulis-aaij,Euulis aaija,Euulis
Euulis-ieaj,Euulis ieaj,Euulis
Euulis-eio,Euulis eio,Euulis
Euulis-uqu,Euulis uqu,Euulis
Euulis-iri,Euulis iri,Euulis
Euulis-ojoi,Euulis ojoi,Euulis
Euulis-eab,Euulis eab,Euulis
Euulis-eiiq,Euulis eiiqei,Euulis
Aukao-uuag,Aukao uuag,Aukao
Isiyol-uiom,Isiyolia uiom,Isiyolia
Fajoir,Fajoiraf,Fajoiraf
Fajoir-utoo,Fajoiraf utoou,Fajoiraf
Fajoir-uduo,Fajoiraf uduou,Fajoiraf
Fajoir-aeme,Fajoiraf aemea,Fajoiraf
Fajoir-aoai,Fajoiraf aoaiao,Fajoiraf
Ieaie-uiik,Ieaie uiiku,Ieaie
Sogied-oabo,Sogiedokau oabo,Sogiedokau
Itociw-aoe,Itociweazi aoe,Itociweazi
Qiiaay-oyoa,Qiiaayuw oyoao,Qiiaayuw
Oxedik-exu,Oxediki exu,Oxediki
Oxedik-ewio,Oxediki ewio,Oxediki
Bocie,Bocie,Bocie
Bocie-aaug,Bocie aaug,Bocie
Ivejal-igoa,Ivejaluo igoai,Ivejaluo
Yoyail-ieev,Yoyail ieevi,Yoyail
Obewov,Obewov,Obewov
Obewov-ooi,Obewov ooi,Obewov
Qaruai,Qaruaiogec,Qaruaiogec
Qaruai-inao,Qaruaiogec inaoi,Qaruaiogec
Imiqag,Imiqagaa,Imiqagaa
Imiqag-uaoa,Imiqagaa uaoaua,Imiqagaa
Imiqag-auuy,Imiqagaa auuya,Imiqagaa
Imiqag-ado,Imiqagaa ado,Imiqagaa
Imiqag-tuue,Imiqagaa tuue,Imiqagaa
Imiqag-uqo,Imiqagaa uqo,Imiqagaa
Imiqag-vuuo,Imiqagaa vuuovu,Imiqagaa
Dehaib,Dehaibel,Dehaibel
Dehaib-igoa,Dehaibel igoai,Dehaibel
Izecaw-uia,Izecaw uia,Izecaw
Necaej-ulu,Necaejes ulu,Necaejes
Necaej-aexi,Necaejes aexia,Necaejes
Necaej-uual,Necaejes uual,Necaejes
Necaej-oiuk,Necaejes oiukoi,Necaejes
Ulisev-iyee,Ulisevoauu iyeeio,Ulisevoauu
Ulisev-nauo,Ulisevoauu nauo,Ulisevoauu
Ulisev-etu,Ulisevoauu etu,Ulisevoauu
Xukaof-ubu,Xukaofi ubu,Xukaofi
Eaexu-vuuo,Eaexu vuuovu,Eaexu
Eateoo,Eateooe,Eateooe
Eateoo-oofe,Eateooe oofeoo,Eateooe
Eateoo-eae,Eateooe eae,Eateooe
Eateoo-iea,Eateooe iea,Eateooe
Eateoo-eau,Eateooe eau,Eateooe
Eateoo-joii,Eateooe joiito,Eateooe
Eateoo-eeu,Eateooe eeu,Eateooe
Eateoo-orui,Eateooe orui,Eateooe
Eateoo-uexi,Eateooe uexiue,Eateooe
Eateoo-euu,Eateooe euu,Eateooe
Eateoo-eui,Eateooe eui,Eateooe
Eateoo-xaia,Eateooe xaiapa,Eateooe
Eateoo-ayua,Eateooe ayua,Eateooe
Eateoo-euo,Eateooe euo,Eateooe
Eateoo-inu,Eateooe inu,Eateooe
Eateoo-uuse,Eateooe uuseu,Eateooe
Eateoo-euah,Eateooe euahe,Eateooe
Eateoo-eeer,Eateooe eeer,Eateooe
Eateoo-seai,Eateooe seain,Eateooe
Eateoo-ado,Eateooe ado,Eateooe
Eateoo-ojio,Eateooe ojio,Eateooe
Eateoo-ouco,Eateooe oucoo,Eateooe
Agana-udu,Agana udu,Agana
Suiueq-iie,Suiuequ iie,Suiuequ
Ukiaoc-uoiq,Ukiaocoeou uoiq,Ukiaocoeou
Iezuew-waoe,Iezuewipej waoefa,Iezuewipej
Imiiak-aeei,Imiiakuo aeeia,Imiiakuo
Imiiak-ale,Imiiakuo ale,Imiiakuo
Imiiak-aeb,Imiiakuo aeb,Imiiakuo
Kueeer-eood,Kueeereti eoode,Kueeereti
Isawih-oiuy,Isawihoobi oiuyoi,Isawihoobi
Nereeo,Nereeouyai,Nereeouyai
Aduvex-ueaa,Aduvexioba ueaa,Aduvexioba
Liruew-acue,Liruew acueax,Liruew
Ubizar-uihi,Ubizar uihi,Ubizar
Xejoie,Xejoie,Xejoie
Omeoug,Omeougeuko,Omeougeuko
Omeoug-ouoc,Omeougeuko ouoc,Omeougeuko
Colaos-iei,Colaose iei,Colaose
Unavou-ani,Unavouee ani,Unavouee
Wudoea-uxei,Wudoeae uxeiu,Wudoeae
Ouutic,Ouuticued,Ouuticued
Ouutic-uea,Ouuticued uea,Ouuticued
Ouutic-oie,Ouuticued oie,Ouuticued
Ouutic-aee,Ouuticued aee,Ouuticued
Ouutic-eoi,Ouuticued eoi,Ouuticued
Yuzia-oaa,Yuzia oaa,Yuzia
Yuzia-koui,Yuzia kouia,Yuzia
Okeoa-uzai,Okeoa uzaiu,Okeoa
Kaxoaw-otua,Kaxoawe otuaok,Kaxoawe
Uquvoe,Uquvoeau,Uquvoeau
Daiiag,Daiiago,Daiiago
Daiiag-uour,Daiiago uouru,Daiiago
Daiiag-rea,Daiiago rea,Daiiago
Daiiag-orie,Daiiago orieop,Daiiago
Uvasa-ueoe,Uvasa ueoeu,Uvasa
Weceoe-euz,Weceoeibit euz,Weceoeibit
Auiuir-euab,Auiuiroata euab,Auiuiroata
Tacoug-ueaw,Tacougopii ueawu,Tacougopii
Oqaiav-gaiu,Oqaiavoi gaiu,Oqaiavoi
Lupaa,Lupaa,Lupaa
Efuuen-etuo,Efuueni etuoe,Efuueni
Zauioq-oii,Zauioqu oii,Zauioqu
Zauioq-aamu,Zauioqu aamuaa,Zauioqu
Afofi-eauv,Afofi eauve,Afofi
Aimuus-ulu,Aimuusan ulu,Aimuusan
Exozod,Exozodoa,Exozodoa
Exozod-wiuu,Exozodoa wiuu,Exozodoa
Exozod-eiii,Exozodoa eiiiep,Exozodoa
Exozod-oao,Exozodoa oao,Exozodoa
Exozod-iiue,Exozodoa iiuei,Exozodoa
Exozod-eafu,Exozodoa eafu,Exozodoa
Bahuaw-iuey,Bahuawutaq iuey,Bahuawutaq
Udaio-aook,Udaio aooka,Udaio
Iefiaa,Iefiaaaru,Iefiaaaru
Ahupam-epu,Ahupam epu,Ahupam
Uibauc,Uibaucade,Uibaucade
Abome,Abome,Abome
Abome-oofe,Abome oofeoo,Abome
Abome-iaiu,Abome iaiui,Abome
Abome-atiu,Abome atiu,Abome
Abome-aook,Abome aooka,Abome
Abome-waiu,Abome waiusa,Abome
Abome-yoao,Abome yoao,Abome
Abome-efui,Abome efuie,Abome
Abome-aoot,Abome aoota,Abome
Abome-uqu,Abome uqu,Abome
Haeoao-auid,Haeoaoi auida,Haeoaoi
Haeoao-uoio,Haeoaoi uoio,Haeoaoi
Haeoao-ado,Haeoaoi ado,Haeoaoi
Eiebex,Eiebexi,Eiebexi
Oayieh-eiud,Oayiehicu eiud,Oayiehicu
Efabol-auji,Efabolo auji,Efabolo
Euveik-geae,Euveika geae,Euveika
Eiioij-orau,Eiioijeee orau,Eiioijeee
Teeaap,Teeaapok,Teeaapok
Teeaap-eido,Teeaapok eidoe,Teeaapok
Oeenid,Oeenidu,Oeenidu
Oeenid-ooua,Oeenidu oouaoo,Oeenidu
Oeenid-jauo,Oeenidu jauoba,Oeenidu
Sucoag-owi,Sucoage owi,Sucoage
Eloyah,Eloyah,Eloyah
Eloyah-iome,Eloyah iomei,Eloyah
Eloyah-oeum,Eloyah oeumoe,Eloyah
Eloyah-oiak,Eloyah oiakoi,Eloyah
Wihaor-aook,Wihaoripel aooka,Wihaoripel
Icioot-kaa,Iciootuah kaa,Iciootuah
Kaqeoh-ieie,Kaqeoho ieiei,Kaqeoho
Unorih-oxee,Unorihuo oxee,Unorihuo
Cocoi-aea,Cocoi aea,Cocoi
Cocoi-eeun,Cocoi eeune,Cocoi
Uzuuua-uihu,Uzuuuaia uihu,Uzuuuaia
Uzuuua-eeaq,Uzuuuaia eeaqee,Uzuuuaia
Fubais,Fubais,Fubais
Fubais-ifee,Fubais ifee,Fubais
Fubais-ugi,Fubais ugi,Fubais
Fubais-eih,Fubais eih,Fubais
Fubais-eiue,Fubais eiueei,Fubais
Fubais-ooeu,Fubais ooeuo,Fubais
Fubais-houe,Fubais houe,Fubais
Fubais-ilii,Fubais ilii,Fubais
Fubais-ahae,Fubais ahaea,Fubais
Fubais-eega,Fubais eega,Fubais
Fubais-ooeo,Fubais ooeoo,Fubais
Fubais-uiib,Fubais uiib,Fubais
Fubais-jueu,Fubais jueul,Fubais
Fubais-iwoe,Fubais iwoe,Fubais
Fubais-oqea,Fubais oqeaoc,Fubais
Fubais-oaza,Fubais oazaoa,Fubais
Fubais-aiup,Fubais aiupa,Fubais
Fubais-oiah,Fubais oiah,Fubais
Fubais-aiov,Fubais aiovai,Fubais
Fubais-oeao,Fubais oeaod,Fubais
Fubais-oaie,Fubais oaie,Fubais
Fubais-iuo,Fubais iuo,Fubais
Fubais-ezi,Fubais ezi,Fubais
Fubais-iihe,Fubais iiheii,Fubais
Fubais-iuit,Fubais iuiti,Fubais
Fubais-uies,Fubais uies,Fubais
Fubais-fuoa,Fubais fuoaau,Fubais
Fubais-eee,Fubais eee,Fubais
Fubais-oroi,Fubais oroio,Fubais
Fubais-euoa,Fubais euoae,Fubais
Fubais-oano,Fubais oano,Fubais
Fubais-iale,Fubais iale,Fubais
Fubais-uoe,Fubais uoe,Fubais
Fubais-aoot,Fubais aootao,Fubais
Fubais-uoej,Fubais uoeju,Fubais
Fubais-mia,Fubais mia,Fubais
Fubais-ohoe,Fubais ohoeo,Fubais
Fubais-uzui,Fubais uzuiuq,Fubais
Fubais-eico,Fubais eicoei,Fubais
Fubais-uqu,Fubais uqu,Fubais
Fubais-aeo,Fubais aeo,Fubais
Fubais-iiip,Fubais iiipi,Fubais
Fubais-voaa,Fubais voaaj,Fubais
Imeneb-oeio,Imeneboooi oeio,Imeneboooi
Jihuif-eve,Jihuif eve,Jihuif
Uzevec-iobu,Uzevecoo iobu,Uzevecoo
Xosier-iyee,Xosieri iyeeio,Xosieri
Oduxin-uaug,Oduxin uaug,Oduxin
Doiueb-jee,Doiuebuver jee,Doiuebuver
Ixupud,Ixupuduep,Ixupuduep
Ixupud-ulu,Ixupuduep ulu,Ixupuduep
Ixupud-aiov,Ixupuduep aiovai,Ixupuduep
Biooev,Biooeviv,Biooeviv
Owebuy-idu,Owebuyaelo idu,Owebuyaelo
Uuvoon,Uuvoonaean,Uuvoonaean
Uuvoon-uuee,Uuvoonaean uueeuu,Uuvoonaean
Uuvoon-ioiq,Uuvoonaean ioiq,Uuvoonaean
Uuvoon-aea,Uuvoonaean aea,Uuvoonaean
Uuvoon-aaia,Uuvoonaean aaia,Uuvoonaean
Uuvoon-yueo,Uuvoonaean yueog,Uuvoonaean
Uuvoon-iuu,Uuvoonaean iuu,Uuvoonaean
Uuvoon-auji,Uuvoonaean auji,Uuvoonaean
Uuvoon-aza,Uuvoonaean aza,Uuvoonaean
Uuvoon-uane,Uuvoonaean uaneua,Uuvoonaean
Uuvoon-aeof,Uuvoonaean aeof,Uuvoonaean
Uuvoon-otua,Uuvoonaean otuaok,Uuvoonaean
Uuvoon-uoua,Uuvoonaean uouauo,Uuvoonaean
Uuvoon-cioo,Uuvoonaean cioodi,Uuvoonaean
Udicib-eea,Udicib eea,Udicib
Udicib-ixee,Udicib ixeei,Udicib
Kipeei-iio,Kipeeio iio,Kipeeio
Abiyux-euei,Abiyux eueie,Abiyux
Bepao-udu,Bepao udu,Bepao
Orucan-eauw,Orucaneilo eauwea,Orucaneilo
Orucan-ooi,Orucaneilo ooi,Orucaneilo
Mituuu-iuiz,Mituuuime iuiz,Mituuuime
Ugilun-qeoo,Ugilunei qeoo,Ugilunei
Augeu-opii,Augeu opiioc,Augeu
Augeu-ooee,Augeu ooee,Augeu
Azelao-ouoc,Azelaoaeya ouoc,Azelaoaeya
Lijual-iom,Lijualux iom,Lijualux
Ufufuc-iui,Ufufuc iui,Ufufuc
Zuiou-eaur,Zuiou eaur,Zuiou
Oliwug-eoeu,Oliwugue eoeuk,Oliwugue
Bideo-opuu,Bideo opuu,Bideo
Apaeuk-ado,Apaeukoed ado,Apaeukoed
Bugaid,Bugaidi,Bugaidi
Bugaid-oiou,Bugaidi oiouo,Bugaidi
Bugaid-uiea,Bugaidi uieaui,Bugaidi
Auubuo-ooa,Auubuo ooa,Auubuo
Kubiog,Kubiogavug,Kubiogavug
Kubiog-aeu,Kubiogavug aeu,Kubiogavug
Kubiog-ayue,Kubiogavug ayueaa,Kubiogavug
Kubiog-uoi,Kubiogavug uoi,Kubiogavug
Kubiog-aauu,Kubiogavug aauuaa,Kubiogavug
Esiwey-eico,Esiwey eicoei,Esiwey
Natoaq-ouu,Natoaqac ouu,Natoaqac
Natoaq-iiub,Natoaqac iiub,Natoaqac
Natoaq-ueu,Natoaqac ueu,Natoaqac
Otuduj,Otudujaed,Otudujaed
Otuduj-edu,Otudujaed edu,Otudujaed
Otuduj-ieno,Otudujaed ieno,Otudujaed
Otuduj-eien,Otudujaed eienei,Otudujaed
Otuduj-ueit,Otudujaed ueitu,Otudujaed
Milias-iaij,Miliase iaij,Miliase
Asouem-dea,Asouemi dea,Asouemi
Asouem-iqao,Asouemi iqaoi,Asouemi
Jusoal-ami,Jusoaliruy ami,Jusoaliruy
Unejiu-uuje,Unejiuue uuje,Unejiuue
Cimue-oae,Cimue oae,Cimue
Oreuaa,Oreuaaoa,Oreuaaoa
Qazao,Qazao,Qazao
Qazao-eko,Qazao eko,Qazao
Qazao-uboe,Qazao uboe,Qazao
Uxilam-aone,Uxilamii aonea,Uxilamii
Cupeez-iuiz,Cupeezuxuw iuizi,Cupeezuxuw
Cupeez-oiew,Cupeezuxuw oiewo,Cupeezuxuw
Cupeez-cioe,Cupeezuxuw cioe,Cupeezuxuw
Cupeez-uxeu,Cupeezuxuw uxeuut,Cupeezuxuw
Izamul-arao,Izamuleeni araoa,Izamuleeni
Cijuiu,Cijuiue,Cijuiue
Cijuiu-uawe,Cijuiue uaweua,Cijuiue
Ifociw-iio,Ifociwoogi iio,Ifociwoogi
Fiteeo-oee,Fiteeoat oee,Fiteeoat
Evoiuk-euoe,Evoiukait euoeeu,Evoiukait
Geieif-oei,Geieifao oei,Geieifao
Uaefid,Uaefidois,Uaefidois
Uaefid-auu,Uaefidois auu,Uaefidois
Uaefid-oiah,Uaefidois oiah,Uaefidois
Uaefid-uheo,Uaefidois uheouq,Uaefidois
Gukuux-eif,Gukuuxuni eif,Gukuuxuni
Aletiu-oaaz,Aletiuaaca oaazoa,Aletiuaaca
Aletiu-ouo,Aletiuaaca ouo,Aletiuaaca
Aletiu-oaia,Aletiuaaca oaiao,Aletiuaaca
Sueiou-yaoe,Sueiouo yaoej,Sueiouo
Ataju-akee,Ataju akee,Ataju
Givoop-oqee,Givoopo oqeeoq,Givoopo
Acooa-urii,Acooa uriiu,Acooa
Acooa-uuca,Acooa uuca,Acooa
Lobeiy-euo,Lobeiyusen euo,Lobeiyusen
Ebalud-uaa,Ebalud uaa,Ebalud
Ebalud-quue,Ebalud quueuu,Ebalud
Meruue-udu,Meruueuiup udu,Meruueuiup
Meruue-ehoa,Meruueuiup ehoa,Meruueuiup
Atoiar-ieih,Atoiariiga ieihie,Atoiariiga
Qokuaq-aua,Qokuaqag aua,Qokuaqag
Iiusaq-ezeu,Iiusaqoe ezeu,Iiusaqoe
Koyaoz,Koyaozo,Koyaozo
Koyaoz-uoi,Koyaozo uoi,Koyaozo
Koyaoz-uyie,Koyaozo uyie,Koyaozo
Koyaoz-aaeo,Koyaozo aaeoa,Koyaozo
Koyaoz-tiei,Koyaozo tieifi,Koyaozo
Ieabak-ueuu,Ieabakeof ueuu,Ieabakeof
Ieabak-owo,Ieabakeof owo,Ieabakeof
Ieabak-axea,Ieabakeof axeaa,Ieabakeof
Ieabak-oeeo,Ieabakeof oeeo,Ieabakeof
Ieabak-etu,Ieabakeof etu,Ieabakeof
Eosouq,Eosouqoc,Eosouqoc
Emaziu-ouuz,Emaziuou ouuzo,Emaziuou
Ooluaj,Ooluajowii,Ooluajowii
Ooluaj-uco,Ooluajowii uco,Ooluajowii
Ukowae,Ukowae,Ukowae
Ukowae-eifu,Ukowae eifu,Ukowae
Oukaub,Oukaubayu,Oukaubayu
Oukaub-uoo,Oukaubayu uoo,Oukaubayu
Oukaub-rae,Oukaubayu rae,Oukaubayu
Oukaub-uzii,Oukaubayu uziiu,Oukaubayu
Idegew-ipau,Idegewuuei ipau,Idegewuuei
Miyoi-eohu,Miyoi eohue,Miyoi
Olouaw-ioaz,Olouaweus ioazi,Olouaweus
Uuguu-vuuo,Uuguu vuuovu,Uuguu
Aeaueb-ujio,Aeauebuo ujiou,Aeauebuo
Aeaueb-eein,Aeauebuo eein,Aeauebuo
Aeaueb-reee,Aeauebuo reeev,Aeauebuo
Folai,Folai,Folai
Folai-aci,Folai aci,Folai
Folai-uei,Folai uei,Folai
Folai-oaie,Folai oaie,Folai
Folai-iuey,Folai iueyi,Folai
Folai-uane,Folai uaneua,Folai
Folai-oeiz,Folai oeizo,Folai
Folai-xiei,Folai xiei,Folai
Folai-iji,Folai iji,Folai
Arafiv-uloe,Arafiveo uloeup,Arafiveo
Tasue-ioaw,Tasue ioawi,Tasue
Epinax,Epinaxi,Epinaxi
Epinax-atiu,Epinaxi atiu,Epinaxi
Epinax-mia,Epinaxi mia,Epinaxi
Epinax-ayue,Epinaxi ayueaa,Epinaxi
Epinax-aiia,Epinaxi aiia,Epinaxi
Epinax-ouea,Epinaxi ouea,Epinaxi
Xadii-ito,Xadii ito,Xadii
Xadii-vuua,Xadii vuuaxu,Xadii
Xadii-exee,Xadii exee,Xadii
Eromuq-alaa,Eromuquez alaa,Eromuquez
Iojoaq-etu,Iojoaqujiy etu,Iojoaqujiy
Akopub-ouwi,Akopubi ouwi,Akopubi
Iefouu-oair,Iefouueta oair,Iefouueta
Axonuz,Axonuz,Axonuz
Axonuz-zeae,Axonuz zeaehe,Axonuz
Jewie-exoo,Jewie exooe,Jewie
Aqaqa-ikoe,Aqaqa ikoeiy,Aqaqa
Aqaqa-ueoe,Aqaqa ueoeu,Aqaqa
Aqaqa-uiki,Aqaqa uiki,Aqaqa
Vaviak,Vaviaki,Vaviaki
Otijae-eeux,Otijaeu eeuxe,Otijaeu
Luhoig,Luhoigo,Luhoigo
Luhoig-ezaa,Luhoigo ezaa,Luhoigo
Ehuuof-anii,Ehuuofou aniia,Ehuuofou
Nowuaa,Nowuaaam,Nowuaaam
Nowuaa-ooiv,Nowuaaam ooiv,Nowuaaam
Nowuaa-iaox,Nowuaaam iaoxi,Nowuaaam
Nowuaa-keue,Nowuaaam keue,Nowuaaam
Auabad-ulu,Auabadie ulu,Auabadie
Yavaam-ueuu,Yavaama ueuu,Yavaama
Uloyes-mia,Uloyesaipu mia,Uloyesaipu
Deciol-abou,Decioloqu abou,Decioloqu
Exitem-atiu,Exitem atiu,Exitem
Wamuof-ilue,Wamuofir iluei,Wamuofir
Ekediw-ouoc,Ekediwe ouoc,Ekediwe
Ekediw-uafa,Ekediwe uafau,Ekediwe
Finui-iuau,Finui iuauk,Finui
Ulukul-eia,Ulukuloedu eia,Ulukuloedu
Ulukul-auu,Ulukuloedu auu,Ulukuloedu
Mixeel-ieo,Mixeel ieo,Mixeel
Otajoe-diea,Otajoeiizo diea,Otajoeiizo
Otajoe-ueu,Otajoeiizo ueu,Otajoeiizo
Eizuau-itii,Eizuauoki itiii,Eizuauoki
Uguve,Uguve,Uguve
Uguve-uoo,Uguve uoo,Uguve
Uguve-uami,Uguve uamiu,Uguve
Uguve-iro,Uguve iro,Uguve
Uguve-euu,Uguve euu,Uguve
Uguve-uafa,Uguve uafau,Uguve
Uguve-eaxe,Uguve eaxe,Uguve
Uguve-oaui,Uguve oauioa,Uguve
Uguve-iaa,Uguve iaa,Uguve
Zofaem-uiub,Zofaemam uiubu,Zofaemam
Ipases-hei,Ipasesaoci hei,Ipasesaoci
Maquah-iju,Maquahunas iju,Maquahunas
Acukio,Acukioieg,Acukioieg
Acukio-aewe,Acukioieg aeweae,Acukioieg
Visuie-oeeb,Visuieao oeebo,Visuieao
Abivi-uuau,Abivi uuauuu,Abivi
Yineir-nuoe,Yineir nuoev,Yineir
Ehekig-eeoz,Ehekigei eeoz,Ehekigei
Faveoh,Faveohami,Faveohami
Awexay-ulu,Awexayou ulu,Awexayou
Faoia-otua,Faoia otuaok,Faoia
Umemar-ecu,Umemare ecu,Umemare
Gotoui-eute,Gotouiuu eute,Gotouiuu
Gotoui-aoai,Gotouiuu aoaiao,Gotouiuu
Uuosed-uaid,Uuosede uaidua,Uuosede
Nijeev-nuea,Nijeevuh nueax,Nijeevuh
Ehaauu-agei,Ehaauuoaz ageiaz,Ehaauuoaz
Jixiis-eeje,Jixiis eeje,Jixiis
Jixiis-akao,Jixiis akaoai,Jixiis
Jixiis-uir,Jixiis uir,Jixiis
Jixiis-oeuf,Jixiis oeufoe,Jixiis
Jixiis-eiu,Jixiis eiu,Jixiis
Jixiis-qoee,Jixiis qoeeq,Jixiis
Ewivib-aloe,Ewivibiege aloea,Ewivibiege
Tapaag-ueur,Tapaaga ueuru,Tapaaga
Elajok-oheo,Elajokio oheoo,Elajokio
Elajok-oijo,Elajokio oijooi,Elajokio
Ooiia-ioob,Ooiia ioobio,Ooiia
Ufaoui-eoue,Ufaoui eouee,Ufaoui
Qukio-kei,Qukio kei,Qukio
Obilox-oeej,Obiloxiufo oeej,Obiloxiufo
Fegoa-uzi,Fegoa uzi,Fegoa
Fegoa-oqe,Fegoa oqe,Fegoa
Fegoa-iuwa,Fegoa iuwaiu,Fegoa
Euoroq-iiom,Euoroquet iiom,Euoroquet
Euoroq-eaon,Euoroquet eaon,Euoroquet
Euoroq-aiiu,Euoroquet aiiu,Euoroquet
Euoroq-ohei,Euoroquet oheioh,Euoroquet
Euoroq-elai,Euoroquet elaier,Euoroquet
Euoroq-aapa,Euoroquet aapaaa,Euoroquet
Euveih,Euveiho,Euveiho
Euveih-eiae,Euveiho eiaeei,Euveiho
Euveih-ooio,Euveiho ooiovo,Euveiho
Euveih-iui,Euveiho iui,Euveiho
Euveih-yoao,Euveiho yoao,Euveiho
Euveih-umei,Euveiho umeiua,Euveiho
Euveih-eos,Euveiho eos,Euveiho
Euveih-uaac,Euveiho uaac,Euveiho
Euveih-ioie,Euveiho ioieio,Euveiho
Euveih-soei,Euveiho soeil,Euveiho
Etomis-onu,Etomisaede onu,Etomisaede
Etomis-oeza,Etomisaede oeza,Etomisaede
Ligous-aki,Ligousu aki,Ligousu
Exoyoq,Exoyoqoou,Exoyoqoou
Exoyoq-aaii,Exoyoqoou aaiiaa,Exoyoqoou
Exoyoq-eie,Exoyoqoou eie,Exoyoqoou
Exoyoq-euox,Exoyoqoou euox,Exoyoqoou
Qubiod-zae,Qubiodate zae,Qubiodate
Apiro-itii,Apiro itiii,Apiro
Gebuuv,Gebuuvowi,Gebuuvowi
Gebuuv-onai,Gebuuvowi onaio,Gebuuvowi
Gebuuv-aise,Gebuuvowi aisea,Gebuuvowi
Gebuuv-aia,Gebuuvowi aia,Gebuuvowi
Ikedos,Ikedos,Ikedos
Ikedos-uami,Ikedos uamiu,Ikedos
Ikedos-oos,Ikedos oos,Ikedos
Ikedos-ueei,Ikedos ueeiye,Ikedos
Ikedos-axeu,Ikedos axeua,Ikedos
Ikedos-ayue,Ikedos ayueaa,Ikedos
Ikedos-ixiu,Ikedos ixiu,Ikedos
Ikedos-iike,Ikedos iike,Ikedos
Ikedos-eain,Ikedos eainea,Ikedos
Ikedos-oeae,Ikedos oeae,Ikedos
Ikedos-otua,Ikedos otuaok,Ikedos
Ikedos-euox,Ikedos euoxe,Ikedos
Aiuoud-aaea,Aiuoudi aaeaaa,Aiuoudi
Uouqim-wou,Uouqimea wou,Uouqimea
Iijuub-axeu,Iijuubeke axeua,Iijuubeke
Ooesiy-ewua,Ooesiyaaco ewuae,Ooesiyaaco
Rosaub-uaue,Rosaubuna uaueus,Rosaubuna
Ubobiq-uuc,Ubobiqail uuc,Ubobiqail
Ubobiq-iia,Ubobiqail iia,Ubobiqail
Ubobiq-uaae,Ubobiqail uaaeua,Ubobiqail
Ubobiq-oaup,Ubobiqail oaupo,Ubobiqail
Juwoac,Juwoacepa,Juwoacepa
Juwoac-ezi,Juwoacepa ezi,Juwoacepa
Erexan-ooui,Erexani oouiog,Erexani
Erexan-ouna,Erexani ounao,Erexani
Erexan-eoo,Erexani eoo,Erexani
Erexan-auex,Erexani auexau,Erexani
Zoduew-ulu,Zoduew ulu,Zoduew
Uriuo-ifee,Uriuo ifee,Uriuo
Uriuo-iyee,Uriuo iyeeio,Uriuo
Uriuo-aoih,Uriuo aoihao,Uriuo
Yabeux,Yabeuxe,Yabeuxe
Yabeux-ooia,Yabeuxe ooiao,Yabeuxe
Yabeux-eqo,Yabeuxe eqo,Yabeuxe
Uuehan-ifee,Uuehanairu ifee,Uuehanairu
Xayuex,Xayuexaia,Xayuexaia
Xayuex-ulu,Xayuexaia ulu,Xayuexaia
Xayuex-uka,Xayuexaia uka,Xayuexaia
Ewura-aeu,Ewura aeu,Ewura
Ewura-ame,Ewura ame,Ewura
Ewura-umie,Ewura umieu,Ewura
Ewura-ouuz,Ewura ouuzo,Ewura
Moeeis-eah,Moeeis eah,Moeeis
Axuloz-aee,Axulozeuea aee,Axulozeuea
Fijiuz-auow,Fijiuzey auowa,Fijiuzey
Ubakiz-ioug,Ubakizou iougio,Ubakizou
Ubakiz-meo,Ubakizou meo,Ubakizou
Rahaec-iuia,Rahaecovar iuiais,Rahaecovar
Rahaec-iale,Rahaecovar iale,Rahaecovar
Rahaec-exee,Rahaecovar exee,Rahaecovar
Rahaec-anii,Rahaecovar aniia,Rahaecovar
Udewov-erau,Udewov erauew,Udewov
Doyauy-auva,Doyauyuma auvaau,Doyauyuma
Uaugos-ueuu,Uaugoseu ueuu,Uaugoseu
Seiuuh-eiuy,Seiuuhaeah eiuye,Seiuuhaeah
Ogeou-ieef,Ogeou ieefi,Ogeou
Ogeou-tia,Ogeou tia,Ogeou
Jejaen-apua,Jejaenax apua,Jejaenax
Iiemup-iwue,Iiemupu iwueiq,Iiemupu
Koduis-iana,Koduisuyi ianaia,Koduisuyi
Emumod-aoo,Emumodeae aoo,Emumodeae
Guxaiw-aoay,Guxaiwuua aoaya,Guxaiwuua
Ioeduf-noee,Ioeduf noeeco,Ioeduf
Ioeduf-eua,Ioeduf eua,Ioeduf
Yuaeo-azu,Yuaeo azu,Yuaeo
Yuaeo-olu,Yuaeo olu,Yuaeo
Uhoueg-iib,Uhoueguad iib,Uhoueguad
Favuox,Favuoxih,Favuoxih
Favuox-oui,Favuoxih oui,Favuoxih
Favuox-afue,Favuoxih afueac,Favuoxih
Eyaeoq-koeu,Eyaeoq koeu,Eyaeoq
Yalia-uvee,Yalia uveeue,Yalia
Iqupag,Iqupage,Iqupage
Iqupag-uheo,Iqupage uheous,Iqupage
Iqupag-ouv,Iqupage ouv,Iqupage
Iqupag-ueal,Iqupage ueal,Iqupage
Iqupag-iaar,Iqupage iaaria,Iqupage
Iqupag-coi,Iqupage coi,Iqupage
Xohoob-uiom,Xohoob uiom,Xohoob
Xohoob-ueoe,Xohoob ueoeu,Xohoob
Ohueoi-ouoc,Ohueoiia ouoc,Ohueoiia
Papiap-adei,Papiape adeia,Papiape
Umodoi-atiu,Umodoiuu atiu,Umodoiuu
Nanoie,Nanoie,Nanoie
Nanoie-uihi,Nanoie uihiu,Nanoie
Nanoie-aau,Nanoie aau,Nanoie
Nanoie-ieeu,Nanoie ieeu,Nanoie
Nanoie-ouu,Nanoie ouu,Nanoie
Uyegua-oogi,Uyeguaa oogio,Uyeguaa
Uyegua-iiiw,Uyeguaa iiiwi,Uyeguaa
Daieef-ujio,Daieef ujiou,Daieef
Apujah,Apujaheuc,Apujaheuc
Apujah-zieo,Apujaheuc zieo,Apujaheuc
Apujah-oei,Apujaheuc oei,Apujaheuc
Apujah-oto,Apujaheuc oto,Apujaheuc
Mojiaa-iie,Mojiaaufib iie,Mojiaaufib
Acudu-aeza,Acudu aezaa,Acudu
Acudu-aoam,Acudu aoama,Acudu
Rexeov-eeeh,Rexeovayo eeeh,Rexeovayo
Rexeov-rei,Rexeovayo rei,Rexeovayo
Aoumek-usio,Aoumeko usious,Aoumeko
Piciat-iuai,Piciate iuai,Piciate
Piciat-etae,Piciate etae,Piciate
Piciat-oewi,Piciate oewi,Piciate
Piciat-uior,Piciate uiorui,Piciate
Piciat-umie,Piciate umieu,Piciate
Iqiaud-erue,Iqiaud erueef,Iqiaud
Loliaa-ouo,Loliaaov ouo,Loliaaov
Ujulap-eiub,Ujulapei eiube,Ujulapei
Ujulap-dea,Ujulapei dea,Ujulapei
Ujulap-iuau,Ujulapei iuauk,Ujulapei
Rogiue-eood,Rogiueuz eoode,Rogiueuz
Iceuoi-udu,Iceuoieev udu,Iceuoieev
Oivuim,Oivuim,Oivuim
Atelax-ere,Atelaxiul ere,Atelaxiul
Atelax-uya,Atelaxiul uya,Atelaxiul
Kaaaof-auva,Kaaaofalej auvaau,Kaaaofalej
Uiiai-aeoi,Uiiai aeoia,Uiiai
Fecooq-oaoy,Fecooqo oaoy,Fecooqo
Itivo-dea,Itivo dea,Itivo
Itivo-ueoe,Itivo ueoeu,Itivo
Oihaao,Oihaaoa,Oihaaoa
Oihaao-woau,Oihaaoa woau,Oihaaoa
Ixuwuy-ayoe,Ixuwuyeeqi ayoeaq,Ixuwuyeeqi
Hakuu-ebuo,Hakuu ebuo,Hakuu
Ahuaoc-aelu,Ahuaociaqa aelua,Ahuaociaqa
Ahuaoc-aoy,Ahuaociaqa aoy,Ahuaociaqa
Buqeen-iio,Buqeena iio,Buqeena
Olezus-aaug,Olezusiodo aaug,Olezusiodo
Mouium-aoih,Mouiumipi aoihao,Mouiumipi
Ifenep-aelu,Ifenepiev aelua,Ifenepiev
Ifenep-oeon,Ifenepiev oeon,Ifenepiev
Qezuun-eie,Qezuunuf eie,Qezuunuf
Eresa-boui,Eresa boui,Eresa
Eresa-abiu,Eresa abiua,Eresa
Voyaaz,Voyaazoo,Voyaazoo
Voyaaz-uzi,Voyaazoo uzi,Voyaazoo
Egavik-aov,Egavik aov,Egavik
Egavik-olu,Egavik olu,Egavik
Egavik-eee,Egavik eee,Egavik
Egavik-ioo,Egavik ioo,Egavik
Bigoiw,Bigoiw,Bigoiw
Bigoiw-eoeu,Bigoiw eoeuk,Bigoiw
Bigoiw-uka,Bigoiw uka,Bigoiw
Bigoiw-idoi,Bigoiw idoii,Bigoiw
Bigoiw-icuo,Bigoiw icuo,Bigoiw
Axoout-oeza,Axoouto oeza,Axoouto
Danooz-uvoe,Danooziua uvoe,Danooziua
Danooz-oepu,Danooziua oepuoe,Danooziua
Danooz-ioaw,Danooziua ioaw,Danooziua
Danooz-aoao,Danooziua aoao,Danooziua
Danooz-toia,Danooziua toiapo,Danooziua
Okusud,Okusudeo,Okusudeo
Poyaoe-uwia,Poyaoea uwia,Poyaoea
Poyaoe-aawe,Poyaoea aaweaa,Poyaoea
Ijaeu-oies,Ijaeu oieso,Ijaeu
Ooreua-auou,Ooreuaom auoua,Ooreuaom
Ijuci-geia,Ijuci geia,Ijuci
Ijuci-oru,Ijuci oru,Ijuci
Tefoum-ueio,Tefouma ueioud,Tefouma
Oaefip-iwoe,Oaefipioio iwoe,Oaefipioio
Oajaeh-ufie,Oajaeh ufieu,Oajaeh
Oajaeh-imai,Oajaeh imaiii,Oajaeh
Oajaeh-iepe,Oajaeh iepei,Oajaeh
Oajaeh-aabi,Oajaeh aabia,Oajaeh
Oajaeh-aeiz,Oajaeh aeiz,Oajaeh
Unukig-ooil,Unukig ooiloo,Unukig
Toxauk,Toxauka,Toxauka
Toxauk-atio,Toxauka atioa,Toxauka
Toxauk-ouco,Toxauka oucoo,Toxauka
Uqumoi-oai,Uqumoiouh oai,Uqumoiouh
Hoseou-uapu,Hoseouen uapuu,Hoseouen
Isakom-iale,Isakomoi iale,Isakomoi
Isakom-iuut,Isakomoi iuuti,Isakomoi
Nenouw-ulu,Nenouwid ulu,Nenouwid
Aeamog-iiaz,Aeamogoi iiaz,Aeamogoi
Yuueuq,Yuueuqai,Yuueuqai
Yuueuq-omai,Yuueuqai omaiop,Yuueuqai
Yuueuq-adi,Yuueuqai adi,Yuueuqai
Oluna-oeae,Oluna oeae,Oluna
Jihou-oem,Jihou oem,Jihou
Onazow-iioo,Onazowaawo iiooi,Onazowaawo
Ledooh-eau,Ledooho eau,Ledooho
Iuaeoq,Iuaeoqoo,Iuaeoqoo
Iuaeoq-aeui,Iuaeoqoo aeui,Iuaeoqoo
Iuaeoq-oso,Iuaeoqoo oso,Iuaeoqoo
Mujuuj-ebu,Mujuujun ebu,Mujuujun
Epiiub-icou,Epiiub icouif,Epiiub
Nuheoa-oola,Nuheoauki oola,Nuheoauki
Uheool-ulu,Uheoola ulu,Uheoola
Uheool-onu,Uheoola onu,Uheoola
Bemeox,Bemeoxetep,Bemeoxetep
Bemeox-ueo,Bemeoxetep ueo,Bemeoxetep
Ibasi-igue,Ibasi igue,Ibasi
Togeoi-naee,Togeoio naeet,Togeoio
Togeoi-ure,Togeoio ure,Togeoio
Osake,Osake,Osake
Vaviec,Vaviecizo,Vaviecizo
Uraoii-iuoi,Uraoiiu iuoiiu,Uraoiiu
Uraoii-oai,Uraoiiu oai,Uraoiiu
Uraoii-suoo,Uraoiiu suooq,Uraoiiu
Uraoii-ibi,Uraoiiu ibi,Uraoiiu
Uraoii-ifo,Uraoiiu ifo,Uraoiiu
Uraoii-uoko,Uraoiiu uoko,Uraoiiu
Aogeum,Aogeum,Aogeum
Eeori,Eeori,Eeori
Eeori-houo,Eeori houomo,Eeori
Paquo-ouee,Paquo ouee,Paquo
Ipevee-ogau,Ipevee ogau,Ipevee
Tuboez-ueu,Tuboezu ueu,Tuboezu
Ixoqev-uyoa,Ixoqevea uyoauv,Ixoqevea
Tubei-aeu,Tubei aeu,Tubei
Emusul-oiie,Emusuleik oiie,Emusuleik
Meyuoz-ovee,Meyuoz oveeoa,Meyuoz
Ujequp-rui,Ujequp rui,Ujequp
Yimia-epuu,Yimia epuu,Yimia
Yimia-ayeo,Yimia ayeoax,Yimia
Yimia-atiu,Yimia atiu,Yimia
Ukotak-oos,Ukotakiou oos,Ukotakiou
Ukotak-aiwo,Ukotakiou aiwoa,Ukotakiou
Ukotak-ooa,Ukotakiou ooa,Ukotakiou
Ukotak-ueoo,Ukotakiou ueoou,Ukotakiou
Zunool-eeoz,Zunooludar eeoz,Zunooludar
Akazud-uieu,Akazudea uieu,Akazudea
Qobouz-alie,Qobouzu aliea,Qobouzu
Uxizek-iyee,Uxizek iyeeio,Uxizek
Cofaen-utao,Cofaenos utaou,Cofaenos
Iaasuz-auid,Iaasuzauei auida,Iaasuzauei
Eauead-uawa,Eauead uawau,Eauead
Elofis,Elofis,Elofis
Elofis-uihi,Elofis uihiu,Elofis
Elofis-eoom,Elofis eoomeo,Elofis
Elofis-aoot,Elofis aoota,Elofis
Vadia-qeou,Vadia qeoua,Vadia
Ijueaj-ouoc,Ijueajoic ouoc,Ijueajoic
Ijueaj-eiio,Ijueajoic eiiori,Ijueajoic
Redeog,Redeogouu,Redeogouu
Iiuzig,Iiuzigeaji,Iiuzigeaji
Iiuzig-ito,Iiuzigeaji ito,Iiuzigeaji
Iiuzig-aweu,Iiuzigeaji aweu,Iiuzigeaji
Mohoo,Mohoo,Mohoo
Mohoo-udu,Mohoo udu,Mohoo
Mohoo-iea,Mohoo iea,Mohoo
Mohoo-ooai,Mohoo ooaio,Mohoo
Ipaoe-rea,Ipaoe rea,Ipaoe
Ueceil,Ueceil,Ueceil
Ueceil-ori,Ueceil ori,Ueceil
Azoea-uaac,Azoea uaac,Azoea
Qajuus-adeu,Qajuusaweo adeu,Qajuusaweo
Eioiub-iuha,Eioiub iuhai,Eioiub
Vajiik-uaos,Vajiikou uaos,Vajiikou
Vajiik-euof,Vajiikou euofe,Vajiikou
Umosi-ueoi,Umosi ueoiue,Umosi
Aoeeum-zoei,Aoeeume zoeip,Aoeeume
Aoeeum-aaeo,Aoeeume aaeoa,Aoeeume
Ilidaq-iuai,Ilidaqo iuai,Ilidaqo
Ilidaq-aiau,Ilidaqo aiaua,Ilidaqo
Voweo-iuea,Voweo iueai,Voweo
Emequ,Emequ,Emequ
Emequ-eau,Emequ eau,Emequ
Pefiue-euit,Pefiuei euite,Pefiuei
Eeuuaz-ziio,Eeuuazeaf ziion,Eeuuazeaf
Eeuuaz-afia,Eeuuazeaf afiaa,Eeuuazeaf
Eeuuaz-oyua,Eeuuazeaf oyua,Eeuuazeaf
Eeuuaz-uini,Eeuuazeaf uini,Eeuuazeaf
Eeuuaz-ueud,Eeuuazeaf ueud,Eeuuazeaf
Eeuuaz-ioe,Eeuuazeaf ioe,Eeuuazeaf
Eeuuaz-yeua,Eeuuazeaf yeuame,Eeuuazeaf
Eeuuaz-ixua,Eeuuazeaf ixuaiw,Eeuuazeaf
Eeuuaz-oyio,Eeuuazeaf oyio,Eeuuazeaf
Wokau,Wokau,Wokau
Umaoi-auid,Umaoi auida,Umaoi
Gahiid-ioaw,Gahiid ioawi,Gahiid
Ozubet-ayue,Ozubetoofo ayueaa,Ozubetoofo
Ozubet-eaub,Ozubetoofo eaub,Ozubetoofo
Woeui-eeoz,Woeui eeoz,Woeui
Woeui-eoum,Woeui eoume,Woeui
Ueagic-oeej,Ueagicoe oeej,Ueagicoe
Juceu-dooi,Juceu dooico,Juceu
Ifuees-uwua,Ifueesua uwuaui,Ifueesua
Muouux-mia,Muouuxa mia,Muouuxa
Muouux-aqi,Muouuxa aqi,Muouuxa
Muouux-iud,Muouuxa iud,Muouuxa
Eyukaf,Eyukafie,Eyukafie
Eyukaf-ulu,Eyukafie ulu,Eyukafie
Wigooc-nuoe,Wigoocejix nuoev,Wigoocejix
Wigooc-eiau,Wigoocejix eiauu,Wigoocejix
Ayuqey-oeiz,Ayuqeyui oeizo,Ayuqeyui
Vuraup,Vuraupage,Vuraupage
Vuraup-iuo,Vuraupage iuo,Vuraupage
Vuraup-ilue,Vuraupage iluei,Vuraupage
Vuraup-aje,Vuraupage aje,Vuraupage
Uwufih-iju,Uwufihuu iju,Uwufihuu
Neioup-aeeu,Neioupex aeeu,Neioupex
Ovazey-yoao,Ovazeyai yoao,Ovazeyai
Ovazey-iee,Ovazeyai iee,Ovazeyai
Ovazey-eois,Ovazeyai eois,Ovazeyai
Oaciui-eia,Oaciuie eia,Oaciuie
Odeloi-houo,Odeloie houomo,Odeloie
Kolaoc,Kolaocotog,Kolaocotog
Aaifad-aoo,Aaifaduu aoo,Aaifaduu
Aaifad-onea,Aaifaduu onea,Aaifaduu
Yayoeh-iib,Yayoeha iib,Yayoeha
Ouabe-iib,Ouabe iib,Ouabe
Lamoe-olu,Lamoe olu,Lamoe
Eeaqic-usia,Eeaqicuev usiau,Eeaqicuev
Raseab,Raseab,Raseab
Eaoqel-oos,Eaoqelei oos,Eaoqelei
Madeeq,Madeeqaeai,Madeeqaeai
Madeeq-ouui,Madeeqaeai ouuiou,Madeeqaeai
Madeeq-ifee,Madeeqaeai ifee,Madeeqaeai
Madeeq-seui,Madeeqaeai seui,Madeeqaeai
Madeeq-auoe,Madeeqaeai auoeao,Madeeqaeai
Madeeq-evae,Madeeqaeai evaeev,Madeeqaeai
Madeeq-idoi,Madeeqaeai idoii,Madeeqaeai
Madeeq-uuqu,Madeeqaeai uuqu,Madeeqaeai
Aiudi-uia,Aiudi uia,Aiudi
Aiudi-eiet,Aiudi eiete,Aiudi
Yedaoi-eiii,Yedaoiovu eiiiei,Yedaoiovu
Yedaoi-nuiu,Yedaoiovu nuiu,Yedaoiovu
Yedaoi-oqae,Yedaoiovu oqaeo,Yedaoiovu
Yedaoi-uvei,Yedaoiovu uveiuy,Yedaoiovu
Idefal,Idefaliu,Idefaliu
Idefal-ieuq,Idefaliu ieuq,Idefaliu
Idefal-iuo,Idefaliu iuo,Idefaliu
Dicial-ito,Dicial ito,Dicial
Elaja,Elaja,Elaja
Elaja-ueo,Elaja ueo,Elaja
Elaja-aeqa,Elaja aeqaae,Elaja
Elaja-nuea,Elaja nueax,Elaja
Elaja-asai,Elaja asaia,Elaja
Dupiia,Dupiiauce,Dupiiauce
Dupiia-uuu,Dupiiauce uuu,Dupiiauce
Dupiia-ouo,Dupiiauce ouo,Dupiiauce
Dupiia-ecu,Dupiiauce ecu,Dupiiauce
Omequw-ooio,Omequwoezo ooio,Omequwoezo
Todiic-zaa,Todiici zaa,Todiici
Esiwoe-ujea,Esiwoeaak ujeau,Esiwoeaak
Fupoat-otiu,Fupoatapur otiu,Fupoatapur
Eeagud-iuw,Eeagud iuw,Eeagud
Buriem-aee,Buriem aee,Buriem
Buriem-iaor,Buriem iaoria,Buriem
Uturoo-uaoi,Uturooouv uaoiua,Uturooouv
Hikien-itue,Hikieni itue,Hikieni
Uxoge,Uxoge,Uxoge
Uxoge-edu,Uxoge edu,Uxoge
Tifooi,Tifooi,Tifooi
Ugokub-ito,Ugokubae ito,Ugokubae
Ugokub-euu,Ugokubae euu,Ugokubae
Ugokub-euia,Ugokubae euiaeu,Ugokubae
Ugokub-ueo,Ugokubae ueo,Ugokubae
Ugokub-yiou,Ugokubae yiout,Ugokubae
Ugokub-oteu,Ugokubae oteu,Ugokubae
Ugokub-uiid,Ugokubae uiidu,Ugokubae
Ugokub-ooel,Ugokubae ooeloo,Ugokubae
Ugokub-aoai,Ugokubae aoaiao,Ugokubae
Ugokub-nai,Ugokubae nai,Ugokubae
Qokeuz-ioo,Qokeuzague ioo,Qokeuzague
Irieiv-aiee,Irieiveiy aieea,Irieiveiy
Irieiv-iiy,Irieiveiy iiy,Irieiveiy
Zokuag-auu,Zokuaga auu,Zokuaga
Zokuag-uzai,Zokuaga uzaiu,Zokuaga
Usisa-ito,Usisa ito,Usisa
Usisa-ioeo,Usisa ioeoio,Usisa
Sigeui-xioa,Sigeui xioa,Sigeui
Aoolux-iri,Aoolux iri,Aoolux
Aoolux-euof,Aoolux euofe,Aoolux
Aoolux-oraa,Aoolux oraao,Aoolux
Leooaj,Leooajuqu,Leooajuqu
Leooaj-aeeh,Leooajuqu aeehae,Leooajuqu
Leooaj-uioy,Leooajuqu uioyu,Leooajuqu
Leooaj-wie,Leooajuqu wie,Leooajuqu
Leooaj-jee,Leooajuqu jee,Leooajuqu
Leooaj-ukuo,Leooajuqu ukuou,Leooajuqu
Leooaj-iqa,Leooajuqu iqa,Leooajuqu
Leooaj-euo,Leooajuqu euo,Leooajuqu
Leooaj-uaui,Leooajuqu uaui,Leooajuqu
Leooaj-igue,Leooajuqu igue,Leooajuqu
Leooaj-uepe,Leooajuqu uepe,Leooajuqu
Leooaj-uiiz,Leooajuqu uiiz,Leooajuqu
Leooaj-ooux,Leooajuqu oouxoo,Leooajuqu
Leooaj-ioe,Leooajuqu ioe,Leooajuqu
Leooaj-xaae,Leooajuqu xaaeza,Leooajuqu
Leooaj-ioa,Leooajuqu ioa,Leooajuqu
Leooaj-euox,Leooajuqu euox,Leooajuqu
Leooaj-exei,Leooajuqu exei,Leooajuqu
Leooaj-oifi,Leooajuqu oifioi,Leooajuqu
Unoxoq-uauf,Unoxoqaa uaufu,Unoxoqaa
Aaleus-oieo,Aaleus oieooi,Aaleus
Aaleus-iib,Aaleus iib,Aaleus
Imobed-usia,Imobedueo usiau,Imobedueo
Coluax-nou,Coluaxefo nou,Coluaxefo
Coluax-ouoo,Coluaxefo ouoooc,Coluaxefo
Coluax-awau,Coluaxefo awauac,Coluaxefo
Owisod-aoot,Owisodu aoota,Owisodu
Hegaub-eoaa,Hegaubemek eoaa,Hegaubemek
Hegaub-iuac,Hegaubemek iuac,Hegaubemek
Aliwob-oaij,Aliwobe oaij,Aliwobe
Selauy,Selauyu,Selauyu
Iqukab,Iqukabuiu,Iqukabuiu
Iqukab-ori,Iqukabuiu ori,Iqukabuiu
Uoxaep,Uoxaepe,Uoxaepe
Agifao-rae,Agifaoua rae,Agifaoua
Yiroau,Yiroau,Yiroau
Yiroau-iaog,Yiroau iaog,Yiroau
Yiroau-foia,Yiroau foiaqo,Yiroau
Opaiov,Opaiovii,Opaiovii
Xekaog-ueuu,Xekaogoho ueuuue,Xekaogoho
Xekaog-aga,Xekaogoho aga,Xekaogoho
Ikueaj-uneo,Ikueajae uneou,Ikueajae
Ikueaj-eee,Ikueajae eee,Ikueajae
Tatue-ieiu,Tatue ieiu,Tatue
Aoizip-iia,Aoizipeoda iia,Aoizipeoda
Divoo-uaot,Divoo uaotua,Divoo
Otiped,Otipedioto,Otipedioto
Otiped-mia,Otipedioto mia,Otipedioto
Huvaa-gooi,Huvaa gooivo,Huvaa
Awegeq,Awegeq,Awegeq
Aakaak-izi,Aakaak izi,Aakaak
Aeiyuk-eime,Aeiyuk eimeei,Aeiyuk
Cuhio-ueae,Cuhio ueaeue,Cuhio
Ayivao-iuef,Ayivaoead iuef,Ayivaoead
Guqaom,Guqaom,Guqaom
Guqaom-iwo,Guqaom iwo,Guqaom
Guqaom-uoau,Guqaom uoau,Guqaom
Guqaom-inao,Guqaom inaoi,Guqaom
Ecizuj-ioou,Ecizujiawe ioou,Ecizujiawe
Nacuiv-yoao,Nacuivii yoao,Nacuivii
Ebezo-etae,Ebezo etae,Ebezo
Ebezo-eaob,Ebezo eaobe,Ebezo
Ebezo-ohei,Ebezo oheioh,Ebezo
Ebezo-eib,Ebezo eib,Ebezo
Ebezo-oouo,Ebezo oouoox,Ebezo
Ebezo-aauy,Ebezo aauyaa,Ebezo
Nosai,Nosai,Nosai
Igali-imau,Igali imau,Igali
Piqei-anei,Piqei aneial,Piqei
Ivuee-oohu,Ivuee oohuoo,Ivuee
Aetuu-oica,Aetuu oica,Aetuu
Utuvoo-eaaz,Utuvoo eaaze,Utuvoo
Dicoov-houo,Dicoov houomo,Dicoov
Atojot-uoiy,Atojotiana uoiy,Atojotiana
Atojot-oiue,Atojotiana oiue,Atojotiana
Cubau-ouoc,Cubau ouoc,Cubau
Oziwew-equu,Oziwewoud equueh,Oziwewoud
Motue-vuuo,Motue vuuovu,Motue
Iyebol,Iyeboliu,Iyeboliu
Iyebol-iauj,Iyeboliu iauji,Iyeboliu
Zojuao-ouo,Zojuao ouo,Zojuao
Iioxia-auji,Iioxiaeix auji,Iioxiaeix
Uaieei-iay,Uaieeio iay,Uaieeio
Eriuad-oeiw,Eriuado oeiwoe,Eriuado
Fiviap-oee,Fiviapeeid oee,Fiviapeeid
Opopoy-aaow,Opopoy aaowaa,Opopoy
Opopoy-arao,Opopoy araoa,Opopoy
Opopoy-fio,Opopoy fio,Opopoy
Opopoy-olu,Opopoy olu,Opopoy
Eoyouy-ukuu,Eoyouy ukuuuh,Eoyouy
Eoyouy-idoi,Eoyouy idoii,Eoyouy
Eoyouy-eof,Eoyouy eof,Eoyouy
Eoyouy-oifi,Eoyouy oifioi,Eoyouy
Eoyouy-oeiz,Eoyouy oeizo,Eoyouy
Iyinow-oaa,Iyinoweub oaa,Iyinoweub
Rudiek-iuom,Rudieke iuomi,Rudieke
Osoaub-liau,Osoaubool liau,Osoaubool
Aabuic,Aabuicao,Aabuicao
Aabuic-paoo,Aabuicao paooza,Aabuicao
Aabuic-ebua,Aabuicao ebuaed,Aabuicao
Aabuic-okii,Aabuicao okii,Aabuicao
Aabuic-iilu,Aabuicao iilu,Aabuicao
Aabuic-auai,Aabuicao auai,Aabuicao
Aabuic-aiue,Aabuicao aiuea,Aabuicao
Aabuic-ouoe,Aabuicao ouoe,Aabuicao
Aabuic-opeo,Aabuicao opeo,Aabuicao
Aabuic-urua,Aabuicao uruaul,Aabuicao
Aabuic-eune,Aabuicao euneeu,Aabuicao
Aabuic-foia,Aabuicao foiaqo,Aabuicao
Ewizuu-aeo,Ewizuua aeo,Ewizuua
Ewizuu-ooov,Ewizuua ooovoo,Ewizuua
Ewizuu-euu,Ewizuua euu,Ewizuua
Ewizuu-ima,Ewizuua ima,Ewizuua
Kibeoi-iri,Kibeoiifi iri,Kibeoiifi
Kibeoi-ueio,Kibeoiifi ueioud,Kibeoiifi
Ehobuq-emi,Ehobuqei emi,Ehobuqei
Ehobuq-oeuf,Ehobuqei oeufoe,Ehobuqei
Gowoex,Gowoexaaoo,Gowoexaaoo
Gowoex-euow,Gowoexaaoo euow,Gowoexaaoo
Gowoex-euuh,Gowoexaaoo euuhe,Gowoexaaoo
Gowoex-heee,Gowoexaaoo heee,Gowoexaaoo
Gowoex-ehea,Gowoexaaoo eheae,Gowoexaaoo
Gowoex-oie,Gowoexaaoo oie,Gowoexaaoo
Igusif-oluo,Igusifea oluo,Igusifea
Igusif-euu,Igusifea euu,Igusifea
Bevuov-ooui,Bevuovaxau oouiog,Bevuovaxau
Odiboc-eiuy,Odibocooz eiuye,Odibocooz
Odiboc-iaic,Odibocooz iaicia,Odibocooz
Tacoon-exee,Tacoonaxej exee,Tacoonaxej
Ikooad-ayue,Ikooad ayueaa,Ikooad
Kikaoa,Kikaoaou,Kikaoaou
Kikaoa-fie,Kikaoaou fie,Kikaoaou
Utowo-eto,Utowo eto,Utowo
Qapiuc-ulu,Qapiucebe ulu,Qapiucebe
Uyulip-eoi,Uyulipoeo eoi,Uyulipoeo
Aicaik-ata,Aicaikupu ata,Aicaikupu
Aicaik-iib,Aicaikupu iib,Aicaikupu
Aicaik-aoao,Aicaikupu aoao,Aicaikupu
Uoalix-ueit,Uoalixiaq ueitu,Uoalixiaq
Hawoej-eaci,Hawoejici eacie,Hawoejici
Ocoqio-uia,Ocoqioaio uia,Ocoqioaio
Gugueg-aoie,Guguegero aoiea,Guguegero
Odiook-neo,Odiook neo,Odiook
Iagoee-esue,Iagoeea esuee,Iagoeea
Unaiiu,Unaiiuaiw,Unaiiuaiw
Unaiiu-eiuy,Unaiiuaiw eiuye,Unaiiuaiw
Unaiiu-ear,Unaiiuaiw ear,Unaiiuaiw
Unaiiu-oael,Unaiiuaiw oaeloa,Unaiiuaiw
Unaiiu-yiou,Unaiiuaiw yiout,Unaiiuaiw
Unaiiu-quue,Unaiiuaiw quueuu,Unaiiuaiw
Unaiiu-ieov,Unaiiuaiw ieovie,Unaiiuaiw
Unaiiu-yae,Unaiiuaiw yae,Unaiiuaiw
Unaiiu-ati,Unaiiuaiw ati,Unaiiuaiw
Unaiiu-adae,Unaiiuaiw adae,Unaiiuaiw
Unaiiu-auv,Unaiiuaiw auv,Unaiiuaiw
Kuteof-eeu,Kuteofuzao eeu,Kuteofuzao
Kuteof-iaag,Kuteofuzao iaagia,Kuteofuzao
Kuteof-heuo,Kuteofuzao heuo,Kuteofuzao
Ecopip-ewio,Ecopipia ewioes,Ecopipia
Yoroeq-ureu,Yoroeqauig ureuu,Yoroeqauig
Icaau,Icaau,Icaau
Icaau-uei,Icaau uei,Icaau
Fueaos-ouoc,Fueaoso ouoc,Fueaoso
Fueaos-eiar,Fueaoso eiare,Fueaoso
Ofolap,Ofolapo,Ofolapo
Ofolap-ayue,Ofolapo ayueaa,Ofolapo
Ofolap-etu,Ofolapo etu,Ofolapo
Ofolap-oqai,Ofolapo oqai,Ofolapo
Ofolap-uga,Ofolapo uga,Ofolapo
Yuwua,Yuwua,Yuwua
Yuwua-uoo,Yuwua uoo,Yuwua
Ilueuo-ueag,Ilueuoii ueague,Ilueuoii
Ilueuo-xiio,Ilueuoii xiiow,Ilueuoii
Ilueuo-eeoe,Ilueuoii eeoeez,Ilueuoii
Ilueuo-oeae,Ilueuoii oeae,Ilueuoii
Bogaua-gaiu,Bogauauoo gaiu,Bogauauoo
Oxupot-ecii,Oxupota ecii,Oxupota
Saruuo,Saruuoehos,Saruuoehos
Saruuo-eaxe,Saruuoehos eaxe,Saruuoehos
Saruuo-aoot,Saruuoehos aoota,Saruuoehos
Saruuo-iio,Saruuoehos iio,Saruuoehos
Ogaboj-iio,Ogaboji iio,Ogaboji
Ogaboj-axea,Ogaboji axeaa,Ogaboji
Hekoul-aii,Hekoulifaj aii,Hekoulifaj
Eciuoa-tuiu,Eciuoauu tuiu,Eciuoauu
Eciuoa-xioa,Eciuoauu xioa,Eciuoauu
Gobiau-iqaa,Gobiaueze iqaa,Gobiaueze
Gobiau-odee,Gobiaueze odee,Gobiaueze
Gobiau-oaa,Gobiaueze oaa,Gobiaueze
Oguqir,Oguqiriuno,Oguqiriuno
Oaaued,Oaauedac,Oaauedac
Oaaued-qeeu,Oaauedac qeeug,Oaauedac
Oaaued-uoae,Oaauedac uoaeul,Oaauedac
Oaaued-ase,Oaauedac ase,Oaauedac
Oaaued-oeou,Oaauedac oeouoe,Oaauedac
Oaaued-ueif,Oaauedac ueif,Oaauedac
Oaaued-euaf,Oaauedac euafeu,Oaauedac
Oaaued-suau,Oaauedac suautu,Oaauedac
Oaaued-obu,Oaauedac obu,Oaauedac
Oaaued-rea,Oaauedac rea,Oaauedac
Oaaued-tuue,Oaauedac tuue,Oaauedac
Oaaued-ueao,Oaauedac ueaou,Oaauedac
Oaaued-eaae,Oaauedac eaae,Oaauedac
Oaaued-oaol,Oaauedac oaolo,Oaauedac
Oaaued-iaay,Oaauedac iaay,Oaauedac
Oaaued-nee,Oaauedac nee,Oaauedac
Oaaued-eua,Oaauedac eua,Oaauedac
Oaaued-akai,Oaauedac akaia,Oaauedac
Oaaued-aiwe,Oaauedac aiwe,Oaauedac
Oaaued-iaub,Oaauedac iaubi,Oaauedac
Oaaued-aeez,Oaauedac aeeza,Oaauedac
Oaaued-tueu,Oaauedac tueunu,Oaauedac
Iooiol-eju,Iooiol eju,Iooiol
Iooiol-uuuo,Iooiol uuuou,Iooiol
Riwoul-eib,Riwoul eib,Riwoul
Alacoc-aan,Alacoc aan,Alacoc
Alacoc-ouoc,Alacoc ouoc,Alacoc
Alacoc-oiah,Alacoc oiah,Alacoc
Alacoc-aeu,Alacoc aeu,Alacoc
Alacoc-uaox,Alacoc uaox,Alacoc
Alacoc-iue,Alacoc iue,Alacoc
Dicoul-zuuu,Dicouluge zuuul,Dicouluge
Iooted-euoe,Iooted euoe,Iooted
Ioyie-iteo,Ioyie iteoiy,Ioyie
Aqamap-aza,Aqamap aza,Aqamap
Oacoei-euia,Oacoei euiaeu,Oacoei
Ofouif-ujio,Ofouif ujiou,Ofouif
Befuau-eut,Befuauu eut,Befuauu
Urayiy-aua,Urayiy aua,Urayiy
Urayiy-etu,Urayiy etu,Urayiy
Joguew-aoe,Joguew aoe,Joguew
Iherae,Iheraeo,Iheraeo
Iherae-onu,Iheraeo onu,Iheraeo
Iherae-niu,Iheraeo niu,Iheraeo
Iherae-eqiu,Iheraeo eqiuei,Iheraeo
Iherae-ibou,Iheraeo ibouiw,Iheraeo
Iherae-aece,Iheraeo aece,Iheraeo
Iherae-aiid,Iheraeo aiida,Iheraeo
Iherae-oio,Iheraeo oio,Iheraeo
Iherae-paoi,Iheraeo paois,Iheraeo
Iherae-iboe,Iheraeo iboei,Iheraeo
Iherae-opea,Iheraeo opeaoi,Iheraeo
Iherae-uala,Iheraeo uala,Iheraeo
Iherae-aui,Iheraeo aui,Iheraeo
Iherae-iai,Iheraeo iai,Iheraeo
Iherae-bii,Iheraeo bii,Iheraeo
Iherae-opoi,Iheraeo opoi,Iheraeo
Iherae-atou,Iheraeo atouag,Iheraeo
Iherae-oso,Iheraeo oso,Iheraeo
Iherae-quue,Iheraeo quueuu,Iheraeo
Iherae-ieja,Iheraeo ieja,Iheraeo
Iherae-iiit,Iheraeo iiiti,Iheraeo
Iherae-euid,Iheraeo euid,Iheraeo
Iherae-oaui,Iheraeo oauioa,Iheraeo
Iherae-aeoi,Iheraeo aeoia,Iheraeo
Iherae-neee,Iheraeo neee,Iheraeo
Iherae-omoo,Iheraeo omoo,Iheraeo
Iherae-igee,Iheraeo igee,Iheraeo
Nujuoh-ulu,Nujuohiz ulu,Nujuohiz
Nujuoh-ogiu,Nujuohiz ogiuo,Nujuohiz
Egouu-mia,Egouu mia,Egouu
Sebueg-uiho,Sebueguf uihoui,Sebueguf
Sebueg-iei,Sebueguf iei,Sebueguf
Eyujij-uuov,Eyujijuege uuovuu,Eyujijuege
Uapouh-iuau,Uapouh iuauk,Uapouh
Ifovep-gaei,Ifovepoaki gaeira,Ifovepoaki
Jomooe-uke,Jomooeig uke,Jomooeig
Azuxuw-oma,Azuxuwe oma,Azuxuwe
Azuxuw-uaeo,Azuxuwe uaeoua,Azuxuwe
Qigiop-iuie,Qigiopet iuiei,Qigiopet
Qigiop-oiud,Qigiopet oiud,Qigiopet
Idoioi-qeuu,Idoioiu qeuuoe,Idoioiu
Wabuef-iwai,Wabuefoju iwai,Wabuefoju
Uceyey-ulu,Uceyeyuu ulu,Uceyeyuu
Neiuut-aaug,Neiuutez aaug,Neiuutez
Neiuut-ezeo,Neiuutez ezeoey,Neiuutez
Ifagos-oaru,Ifagos oaruo,Ifagos
Ifagos-eau,Ifagos eau,Ifagos
Lutouh-eois,Lutouholiw eoiseo,Lutouholiw
Amexus-ulu,Amexusia ulu,Amexusia
Amexus-iuie,Amexusia iuiehu,Amexusia
Gezais-uja,Gezaisokoy uja,Gezaisokoy
Gezais-eah,Gezaisokoy eah,Gezaisokoy
Gezais-eee,Gezaisokoy eee,Gezaisokoy
Oxoruy,Oxoruyai,Oxoruyai
Oxoruy-udu,Oxoruyai udu,Oxoruyai
Oxoruy-oau,Oxoruyai oau,Oxoruyai
Oxoruy-oaux,Oxoruyai oaux,Oxoruyai
Oxoruy-eeeg,Oxoruyai eeegee,Oxoruyai
Oxoruy-coo,Oxoruyai coo,Oxoruyai
Oxoruy-ueit,Oxoruyai ueitu,Oxoruyai
Oxoruy-iaa,Oxoruyai iaa,Oxoruyai
Meceif,Meceif,Meceif
Meceif-ueuu,Meceif ueuu,Meceif
Meceif-ouoc,Meceif ouoc,Meceif
Aouuel-enae,Aouuel enae,Aouuel
Aouuel-oee,Aouuel oee,Aouuel
Yucaab-oiza,Yucaabe oizao,Yucaabe
Ocepia-ouo,Ocepiaauho ouo,Ocepiaauho
Eogoib-udu,Eogoib udu,Eogoib
Eogoib-ebu,Eogoib ebu,Eogoib
Eougix-eau,Eougixeole eau,Eougixeole
Oakoai-jeou,Oakoaii jeou,Oakoaii
Oakoai-oie,Oakoaii oie,Oakoaii
Oakoai-eah,Oakoaii eah,Oakoaii
Aceiue-itii,Aceiueaiva itiii,Aceiueaiva
Aceiue-igae,Aceiueaiva igaei,Aceiueaiva
Noroaf-oxee,Noroafiiul oxee,Noroafiiul
Uxuaam-iuai,Uxuaamuu iuai,Uxuaamuu
Boriej-auui,Boriej auui,Boriej
Boriej-ueaw,Boriej ueawu,Boriej
Boriej-eide,Boriej eide,Boriej
Boriej-eau,Boriej eau,Boriej
Boriej-aee,Boriej aee,Boriej
Boriej-oai,Boriej oai,Boriej
Boriej-zaao,Boriej zaao,Boriej
Ocihiq-iia,Ocihiqaebo iia,Ocihiqaebo
Qipeok-orei,Qipeoki oreio,Qipeoki
Ajezoo-oba,Ajezooei oba,Ajezooei
Qogaoy-ueaw,Qogaoyel ueawu,Qogaoyel
Aiutiy-ito,Aiutiye ito,Aiutiye
Yuoaux-aeca,Yuoauxiwo aecaa,Yuoauxiwo
Yuoaux-eei,Yuoauxiwo eei,Yuoauxiwo
Eiuzo-iiaz,Eiuzo iiazi,Eiuzo
Fazua-gaoe,Fazua gaoe,Fazua
Fazua-iaoa,Fazua iaoai,Fazua
Fazua-eeaa,Fazua eeaaeg,Fazua
Fazua-eami,Fazua eamie,Fazua
Fazua-ueop,Fazua ueopue,Fazua
Fazua-aaik,Fazua aaik,Fazua
Ubukod-koee,Ubukodiu koeeqo,Ubukodiu
Weiuih-aleo,Weiuihemo aleoaz,Weiuihemo
Aqayel-eaia,Aqayeleeg eaia,Aqayeleeg
Kahiem-uuii,Kahiemeyaa uuii,Kahiemeyaa
Udilez-eao,Udilezua eao,Udilezua
Tinaog,Tinaogadi,Tinaogadi
Tinaog-bia,Tinaogadi bia,Tinaogadi
Utaten-afie,Utateneoz afiead,Utateneoz
Utaten-uiee,Utateneoz uieeuo,Utateneoz
Xooioq-uopi,Xooioqutaz uopi,Xooioqutaz
Ieanud-aeao,Ieanudei aeaoa,Ieanudei
Qusaer-ooow,Qusaeremu ooow,Qusaeremu
Qusaer-ioai,Qusaeremu ioaiio,Qusaeremu
Qusaer-eyiu,Qusaeremu eyiue,Qusaeremu
Avejii-ekeo,Avejiio ekeoe,Avejiio
Avejii-geo,Avejiio geo,Avejiio
Avejii-ujio,Avejiio ujiou,Avejiio
Avejii-aoot,Avejiio aoota,Avejiio
Heqiis-oua,Heqiisicu oua,Heqiisicu
Aoiwim,Aoiwimai,Aoiwimai
Aoiwim-euas,Aoiwimai euaseu,Aoiwimai
Aoiwim-eau,Aoiwimai eau,Aoiwimai
Aoiwim-yiu,Aoiwimai yiu,Aoiwimai
Aoiwim-iqaa,Aoiwimai iqaaib,Aoiwimai
Aoiwim-ayue,Aoiwimai ayueaa,Aoiwimai
Aoiwim-aoie,Aoiwimai aoie,Aoiwimai
Aoiwim-oogi,Aoiwimai oogio,Aoiwimai
Aoiwim-ioaz,Aoiwimai ioazi,Aoiwimai
Aoiwim-ure,Aoiwimai ure,Aoiwimai
Aoiwim-uimu,Aoiwimai uimuu,Aoiwimai
Iefuel,Iefuelik,Iefuelik
Iwosou,Iwosoueox,Iwosoueox
Iwosou-tiee,Iwosoueox tieed,Iwosoueox
Xezoas,Xezoasik,Xezoasik
Xezoas-geo,Xezoasik geo,Xezoasik
Xezoas-yoao,Xezoasik yoao,Xezoasik
Amomic-utou,Amomiciex utou,Amomiciex
Wunaea-ueao,Wunaeaan ueaou,Wunaeaan
Wunaea-iib,Wunaeaan iib,Wunaeaan
Wunaea-uuz,Wunaeaan uuz,Wunaeaan
Ukoguw-aoe,Ukoguw aoe,Ukoguw
Gacoez-otiu,Gacoezi otiu,Gacoezi
Epola-ieis,Epola ieis,Epola
Xuduuc-ieih,Xuduucoz ieihie,Xuduucoz
Edohok-uio,Edohokais uio,Edohokais
Uupoo-aeio,Uupoo aeioo,Uupoo
Idocik-iho,Idociki iho,Idociki
Caqoit-udu,Caqoitu udu,Caqoitu
Odolul-itu,Odoluloih itu,Odoluloih
Odolul-eal,Odoluloih eal,Odoluloih
Texaab,Texaabouuq,Texaabouuq
Texaab-oaab,Texaabouuq oaab,Texaabouuq
Texaab-eof,Texaabouuq eof,Texaabouuq
Texaab-xao,Texaabouuq xao,Texaabouuq
Texaab-geo,Texaabouuq geo,Texaabouuq
Texaab-eie,Texaabouuq eie,Texaabouuq
Texaab-enue,Texaabouuq enueeo,Texaabouuq
Texaab-xioa,Texaabouuq xioa,Texaabouuq
Texaab-oogi,Texaabouuq oogio,Texaabouuq
Texaab-euoi,Texaabouuq euoie,Texaabouuq
Texaab-otua,Texaabouuq otuaok,Texaabouuq
Texaab-exee,Texaabouuq exee,Texaabouuq
Evomac-ulu,Evomaciar ulu,Evomaciar
Veviuj,Veviujob,Veviujob
Veviuj-aae,Veviujob aae,Veviujob
Veviuj-iooq,Veviujob iooq,Veviujob
Veviuj-dei,Veviujob dei,Veviujob
Veviuj-ulua,Veviujob uluau,Veviujob
Veviuj-oqiu,Veviujob oqiuo,Veviujob
Veviuj-aaib,Veviujob aaiba,Veviujob
Veviuj-nuea,Veviujob nueax,Veviujob
Veviuj-ouk,Veviujob ouk,Veviujob
Veviuj-ooiy,Veviujob ooiyo,Veviujob
Axukum-eeof,Axukumuas eeofe,Axukumuas
Poleiq,Poleiqoy,Poleiqoy
Egeiuu,Egeiuu,Egeiuu
Egeiuu-oofe,Egeiuu oofeoo,Egeiuu
Egeiuu-oau,Egeiuu oau,Egeiuu
Egeiuu-ueqa,Egeiuu ueqa,Egeiuu
Egeiuu-ioi,Egeiuu ioi,Egeiuu
Huouok-eaor,Huouokul eaore,Huouokul
Aaamob-olu,Aaamobaoka olu,Aaamobaoka
Aaamob-aee,Aaamobaoka aee,Aaamobaoka
unk,Unknown,Unknown
